<?xml version='1.0' encoding='UTF-8' standalone='no'?>
<doxygen xmlns:xsi="http://www.w3.org/2001/XMLSchema-instance" xsi:noNamespaceSchemaLocation="compound.xsd" version="1.8.13">
  <compounddef id="dados_8c" kind="file" language="C++">
    <compoundname>dados.c</compoundname>
    <includes refid="dados_8h" local="yes">dados.h</includes>
    <includes local="no">stdlib.h</includes>
    <includes local="no">string.h</includes>
    <incdepgraph>
      <node id="6">
        <label>bits/types/FILE.h</label>
      </node>
      <node id="7">
        <label>stdlib.h</label>
      </node>
      <node id="8">
        <label>string.h</label>
      </node>
      <node id="4">
        <label>dados.c</label>
        <link refid="dados_8c"/>
        <childnode refid="5" relation="include">
        </childnode>
        <childnode refid="7" relation="include">
        </childnode>
        <childnode refid="8" relation="include">
        </childnode>
      </node>
      <node id="5">
        <label>dados.h</label>
        <link refid="dados_8h"/>
        <childnode refid="6" relation="include">
        </childnode>
      </node>
    </incdepgraph>
      <sectiondef kind="func">
      <memberdef kind="function" id="dados_8c_1a7e0c7e26fb685d9ab501e19b05e6954f" prot="public" static="no" const="no" explicit="no" inline="no" virt="non-virtual">
        <type><ref refid="structESTADO" kindref="compound">ESTADO</ref> *</type>
        <definition>ESTADO* inicializar_estado</definition>
        <argsstring>()</argsstring>
        <name>inicializar_estado</name>
        <briefdescription>
<para>Inicializa o valor do estado Esta função inicializa o valor do estado. Isso implica o tabuleiro ser colocado na posição inicial e todos os campos do estado estarem com o valor por omissão. </para>        </briefdescription>
        <detaileddescription>
<para><simplesect kind="return"><para>O novo estado </para></simplesect>
</para>        </detaileddescription>
        <inbodydescription>
        </inbodydescription>
        <location file="dados.c" line="10" column="1" bodyfile="dados.c" bodystart="10" bodyend="32"/>
      </memberdef>
      <memberdef kind="function" id="dados_8c_1ae926426c10698aeb0cfab3ab6507313e" prot="public" static="no" const="no" explicit="no" inline="no" virt="non-virtual">
        <type>void</type>
        <definition>void atualiza_estado_casa</definition>
        <argsstring>(ESTADO *e, COORDENADA c, CASA cor)</argsstring>
        <name>atualiza_estado_casa</name>
        <param>
          <type><ref refid="structESTADO" kindref="compound">ESTADO</ref> *</type>
          <declname>e</declname>
        </param>
        <param>
          <type><ref refid="structCOORDENADA" kindref="compound">COORDENADA</ref></type>
          <declname>c</declname>
        </param>
        <param>
          <type><ref refid="dados_8h_1aba91601f16d4c485b2d9b8c429f27039" kindref="member">CASA</ref></type>
          <declname>cor</declname>
        </param>
        <briefdescription>
<para>Atualiza o estado de uma casa para uma cor determinada. </para>        </briefdescription>
        <detaileddescription>
<para>Muda o valor de uma casa. </para>        </detaileddescription>
        <inbodydescription>
        </inbodydescription>
        <location file="dados.c" line="34" column="1" bodyfile="dados.c" bodystart="34" bodyend="36"/>
      </memberdef>
      <memberdef kind="function" id="dados_8c_1a30ed3311c93662ed15ec88bdc86d9855" prot="public" static="no" const="no" explicit="no" inline="no" virt="non-virtual">
        <type><ref refid="dados_8h_1aba91601f16d4c485b2d9b8c429f27039" kindref="member">CASA</ref></type>
        <definition>CASA consulta_posicao</definition>
        <argsstring>(ESTADO *e, int x, int y)</argsstring>
        <name>consulta_posicao</name>
        <param>
          <type><ref refid="structESTADO" kindref="compound">ESTADO</ref> *</type>
          <declname>e</declname>
        </param>
        <param>
          <type>int</type>
          <declname>x</declname>
        </param>
        <param>
          <type>int</type>
          <declname>y</declname>
        </param>
        <briefdescription>
<para>Devolve o valor de uma casa. </para>        </briefdescription>
        <detaileddescription>
<para><parameterlist kind="param"><parameteritem>
<parameternamelist>
<parametername>e</parametername>
</parameternamelist>
<parameterdescription>
<para>Apontador para o estado </para></parameterdescription>
</parameteritem>
<parameteritem>
<parameternamelist>
<parametername>x</parametername>
</parameternamelist>
<parameterdescription>
<para>e </para></parameterdescription>
</parameteritem>
<parameteritem>
<parameternamelist>
<parametername>y</parametername>
</parameternamelist>
<parameterdescription>
<para>sao as coordenadas </para></parameterdescription>
</parameteritem>
</parameterlist>
<simplesect kind="return"><para>O valor da casa </para></simplesect>
</para>        </detaileddescription>
        <inbodydescription>
        </inbodydescription>
        <location file="dados.c" line="39" column="1" bodyfile="dados.c" bodystart="39" bodyend="41"/>
      </memberdef>
      <memberdef kind="function" id="dados_8c_1a92a53c83eed376d935acbf128a409c11" prot="public" static="no" const="no" explicit="no" inline="no" virt="non-virtual">
        <type>void</type>
        <definition>void atualiza_ultima</definition>
        <argsstring>(ESTADO *e)</argsstring>
        <name>atualiza_ultima</name>
        <param>
          <type><ref refid="structESTADO" kindref="compound">ESTADO</ref> *</type>
          <declname>e</declname>
        </param>
        <briefdescription>
<para>Muda o estado da da ultima posiçao para PRETA. </para>        </briefdescription>
        <detaileddescription>
<para><parameterlist kind="param"><parameteritem>
<parameternamelist>
<parametername>e</parametername>
</parameternamelist>
<parameterdescription>
<para>Apontador para o estado </para></parameterdescription>
</parameteritem>
</parameterlist>
</para>        </detaileddescription>
        <inbodydescription>
        </inbodydescription>
        <location file="dados.c" line="44" column="1" bodyfile="dados.c" bodystart="44" bodyend="46"/>
      </memberdef>
      <memberdef kind="function" id="dados_8c_1a5145e20d5e4abdb6ca062e18cee9efab" prot="public" static="no" const="no" explicit="no" inline="no" virt="non-virtual">
        <type>void</type>
        <definition>void atualiza_jogador</definition>
        <argsstring>(ESTADO *e)</argsstring>
        <name>atualiza_jogador</name>
        <param>
          <type><ref refid="structESTADO" kindref="compound">ESTADO</ref> *</type>
          <declname>e</declname>
        </param>
        <briefdescription>
<para>Altera de um jogador para o outro. </para>        </briefdescription>
        <detaileddescription>
<para><parameterlist kind="param"><parameteritem>
<parameternamelist>
<parametername>e</parametername>
</parameternamelist>
<parameterdescription>
<para>Apontador para o estado </para></parameterdescription>
</parameteritem>
</parameterlist>
</para>        </detaileddescription>
        <inbodydescription>
        </inbodydescription>
        <location file="dados.c" line="47" column="1" bodyfile="dados.c" bodystart="47" bodyend="50"/>
      </memberdef>
      <memberdef kind="function" id="dados_8c_1a2c362b52acc2b5010a20a7aa36818dad" prot="public" static="no" const="no" explicit="no" inline="no" virt="non-virtual">
        <type>int</type>
        <definition>int consulta_jogador</definition>
        <argsstring>(ESTADO *e)</argsstring>
        <name>consulta_jogador</name>
        <param>
          <type><ref refid="structESTADO" kindref="compound">ESTADO</ref> *</type>
          <declname>e</declname>
        </param>
        <briefdescription>
<para>Devolve o Jogador atual. </para>        </briefdescription>
        <detaileddescription>
<para><parameterlist kind="param"><parameteritem>
<parameternamelist>
<parametername>e</parametername>
</parameternamelist>
<parameterdescription>
<para>Apontador para o estado </para></parameterdescription>
</parameteritem>
</parameterlist>
</para>        </detaileddescription>
        <inbodydescription>
        </inbodydescription>
        <location file="dados.c" line="51" column="1" bodyfile="dados.c" bodystart="51" bodyend="54"/>
      </memberdef>
      <memberdef kind="function" id="dados_8c_1a4bea65e08fbf43bd3797e37072e44bdb" prot="public" static="no" const="no" explicit="no" inline="no" virt="non-virtual">
        <type>void</type>
        <definition>void muda_pos_ultima</definition>
        <argsstring>(ESTADO *e, COORDENADA c)</argsstring>
        <name>muda_pos_ultima</name>
        <param>
          <type><ref refid="structESTADO" kindref="compound">ESTADO</ref> *</type>
          <declname>e</declname>
        </param>
        <param>
          <type><ref refid="structCOORDENADA" kindref="compound">COORDENADA</ref></type>
          <declname>c</declname>
        </param>
        <briefdescription>
<para>Muda a coordenada da da ultima posiçao para a posiçao atual. </para>        </briefdescription>
        <detaileddescription>
<para><parameterlist kind="param"><parameteritem>
<parameternamelist>
<parametername>e</parametername>
</parameternamelist>
<parameterdescription>
<para></para></parameterdescription>
</parameteritem>
</parameterlist>
</para>        </detaileddescription>
        <inbodydescription>
        </inbodydescription>
        <location file="dados.c" line="57" column="1" bodyfile="dados.c" bodystart="57" bodyend="60"/>
      </memberdef>
      <memberdef kind="function" id="dados_8c_1adc839b5b07de85fcd71f002d76ad378c" prot="public" static="no" const="no" explicit="no" inline="no" virt="non-virtual">
        <type><ref refid="dados_8h_1aba91601f16d4c485b2d9b8c429f27039" kindref="member">CASA</ref></type>
        <definition>CASA casa_final</definition>
        <argsstring>(ESTADO *e, int x)</argsstring>
        <name>casa_final</name>
        <param>
          <type><ref refid="structESTADO" kindref="compound">ESTADO</ref> *</type>
          <declname>e</declname>
        </param>
        <param>
          <type>int</type>
          <declname>x</declname>
        </param>
        <briefdescription>
<para>Deteta se o estado com a casa 1 ou 2 é alterado. </para>        </briefdescription>
        <detaileddescription>
<para><parameterlist kind="param"><parameteritem>
<parameternamelist>
<parametername>e</parametername>
</parameternamelist>
<parameterdescription>
<para>Apontador para o estado </para></parameterdescription>
</parameteritem>
<parameteritem>
<parameternamelist>
<parametername>x</parametername>
</parameternamelist>
<parameterdescription>
<para>determina se é a casa com 1 ou 2 a ser analisada </para></parameterdescription>
</parameteritem>
</parameterlist>
<simplesect kind="return"><para>O estado atual da casa 1 ou 2 </para></simplesect>
</para>        </detaileddescription>
        <inbodydescription>
        </inbodydescription>
        <location file="dados.c" line="61" column="1" bodyfile="dados.c" bodystart="61" bodyend="65"/>
      </memberdef>
      <memberdef kind="function" id="dados_8c_1a21e3a5d323686285c4f2590123ace857" prot="public" static="no" const="no" explicit="no" inline="no" virt="non-virtual">
        <type>void</type>
        <definition>void atualiza_jogadas</definition>
        <argsstring>(ESTADO *e, COORDENADA c)</argsstring>
        <name>atualiza_jogadas</name>
        <param>
          <type><ref refid="structESTADO" kindref="compound">ESTADO</ref> *</type>
          <declname>e</declname>
        </param>
        <param>
          <type><ref refid="structCOORDENADA" kindref="compound">COORDENADA</ref></type>
          <declname>c</declname>
        </param>
        <briefdescription>
<para>Atualiza as jogadas. </para>        </briefdescription>
        <detaileddescription>
<para><parameterlist kind="param"><parameteritem>
<parameternamelist>
<parametername>e</parametername>
</parameternamelist>
<parameterdescription>
<para>indicador para o estado </para></parameterdescription>
</parameteritem>
<parameteritem>
<parameternamelist>
<parametername>c</parametername>
</parameternamelist>
<parameterdescription>
<para>A coordenada </para></parameterdescription>
</parameteritem>
</parameterlist>
</para>        </detaileddescription>
        <inbodydescription>
        </inbodydescription>
        <location file="dados.c" line="66" column="1" bodyfile="dados.c" bodystart="66" bodyend="74"/>
      </memberdef>
      </sectiondef>
    <briefdescription>
    </briefdescription>
    <detaileddescription>
    </detaileddescription>
    <programlisting>
<codeline lineno="1"></codeline>
<codeline lineno="6"><highlight class="preprocessor">#include<sp/>&quot;<ref refid="dados_8h" kindref="compound">dados.h</ref>&quot;</highlight><highlight class="normal"></highlight></codeline>
<codeline lineno="7"><highlight class="normal"></highlight><highlight class="preprocessor">#include<sp/>&lt;stdlib.h&gt;</highlight><highlight class="normal"></highlight></codeline>
<codeline lineno="8"><highlight class="normal"></highlight><highlight class="preprocessor">#include<sp/>&lt;string.h&gt;</highlight><highlight class="normal"></highlight></codeline>
<codeline lineno="9"><highlight class="normal"></highlight></codeline>
<codeline lineno="10"><highlight class="normal"><ref refid="structESTADO" kindref="compound">ESTADO</ref><sp/>*<ref refid="dados_8h_1a7e0c7e26fb685d9ab501e19b05e6954f" kindref="member">inicializar_estado</ref>()<sp/>{</highlight></codeline>
<codeline lineno="11"><highlight class="normal"></highlight></codeline>
<codeline lineno="12"><highlight class="normal"><sp/><sp/><sp/><sp/><ref refid="structESTADO" kindref="compound">ESTADO</ref><sp/>*e<sp/>=<sp/>(<ref refid="structESTADO" kindref="compound">ESTADO</ref><sp/>*)<sp/>malloc(</highlight><highlight class="keyword">sizeof</highlight><highlight class="normal">(<ref refid="structESTADO" kindref="compound">ESTADO</ref>));</highlight></codeline>
<codeline lineno="13"><highlight class="normal"><sp/><sp/><sp/><sp/><ref refid="structCOORDENADA" kindref="compound">COORDENADA</ref><sp/>coord<sp/>=<sp/>{-1,-1};</highlight></codeline>
<codeline lineno="14"><highlight class="normal"><sp/><sp/><sp/><sp/>e-&gt;<ref refid="structESTADO_1a5dd28e2e68b7aef2b6b7ea88e02eff58" kindref="member">jogador_atual</ref><sp/>=<sp/>1;</highlight></codeline>
<codeline lineno="15"><highlight class="normal"><sp/><sp/><sp/><sp/>e-&gt;<ref refid="structESTADO_1a261495728744647e618b4e623f5a4b7a" kindref="member">num_jogadas</ref><sp/>=<sp/>0;</highlight></codeline>
<codeline lineno="16"><highlight class="normal"><sp/><sp/><sp/><sp/>e-&gt;<ref refid="structESTADO_1adf1064dfc09145b6995a7897249f1674" kindref="member">num_comando</ref><sp/>=<sp/>1;</highlight></codeline>
<codeline lineno="17"><highlight class="normal"><sp/><sp/><sp/><sp/></highlight><highlight class="keywordflow">for</highlight><highlight class="normal">(</highlight><highlight class="keywordtype">int</highlight><highlight class="normal"><sp/>i=0;i&lt;8;i++){</highlight></codeline>
<codeline lineno="18"><highlight class="normal"><sp/><sp/><sp/><sp/><sp/><sp/><sp/><sp/></highlight><highlight class="keywordflow">for</highlight><highlight class="normal">(</highlight><highlight class="keywordtype">int</highlight><highlight class="normal"><sp/>j<sp/>=<sp/>0<sp/>;<sp/>j&lt;8;<sp/>j++){</highlight></codeline>
<codeline lineno="19"><highlight class="normal"><sp/><sp/><sp/><sp/><sp/><sp/><sp/><sp/><sp/><sp/><sp/><sp/>e-&gt;<sp/>tab<sp/>[i]<sp/>[j]<sp/>=<sp/>VAZIO;</highlight></codeline>
<codeline lineno="20"><highlight class="normal"><sp/><sp/><sp/><sp/><sp/><sp/><sp/><sp/>}</highlight></codeline>
<codeline lineno="21"><highlight class="normal"><sp/><sp/><sp/><sp/>}</highlight></codeline>
<codeline lineno="22"><highlight class="normal"><sp/><sp/><sp/><sp/>e-&gt;<sp/>tab<sp/>[4]<sp/>[4]<sp/>=<sp/>BRANCA;</highlight></codeline>
<codeline lineno="23"><highlight class="normal"><sp/><sp/><sp/><sp/>e-&gt;<sp/>tab<sp/>[7]<sp/>[7]<sp/>=<sp/>DOIS;</highlight></codeline>
<codeline lineno="24"><highlight class="normal"><sp/><sp/><sp/><sp/>e-&gt;<sp/>tab<sp/>[0]<sp/>[0]<sp/>=<sp/>UM;</highlight></codeline>
<codeline lineno="25"><highlight class="normal"><sp/><sp/><sp/><sp/>e-&gt;<sp/>ultima_jogada.coluna<sp/>=<sp/>4;</highlight></codeline>
<codeline lineno="26"><highlight class="normal"><sp/><sp/><sp/><sp/>e-&gt;<sp/>ultima_jogada.linha<sp/>=<sp/>4;</highlight></codeline>
<codeline lineno="27"><highlight class="normal"><sp/><sp/><sp/><sp/></highlight><highlight class="keywordflow">for</highlight><highlight class="normal">(</highlight><highlight class="keywordtype">int</highlight><highlight class="normal"><sp/>i=0;i&lt;32;i++){</highlight></codeline>
<codeline lineno="28"><highlight class="normal"><sp/><sp/><sp/><sp/><sp/><sp/><sp/><sp/>e-&gt;<ref refid="structESTADO_1afae43b87a488fad0f2b56a18bad31d18" kindref="member">jogadas</ref>[i].jogador1<sp/>=<sp/>coord;</highlight></codeline>
<codeline lineno="29"><highlight class="normal"><sp/><sp/><sp/><sp/><sp/><sp/><sp/><sp/>e-&gt;<ref refid="structESTADO_1afae43b87a488fad0f2b56a18bad31d18" kindref="member">jogadas</ref>[i].jogador2<sp/>=<sp/>coord;</highlight></codeline>
<codeline lineno="30"><highlight class="normal"><sp/><sp/><sp/><sp/>}</highlight></codeline>
<codeline lineno="31"><highlight class="normal"><sp/><sp/><sp/><sp/></highlight><highlight class="keywordflow">return</highlight><highlight class="normal"><sp/>e;</highlight></codeline>
<codeline lineno="32"><highlight class="normal">}</highlight></codeline>
<codeline lineno="34"><highlight class="keywordtype">void</highlight><highlight class="normal"><sp/><ref refid="dados_8h_1ae926426c10698aeb0cfab3ab6507313e" kindref="member">atualiza_estado_casa</ref>(<ref refid="structESTADO" kindref="compound">ESTADO</ref><sp/>*e,<sp/><ref refid="structCOORDENADA" kindref="compound">COORDENADA</ref><sp/>c,<ref refid="dados_8h_1aba91601f16d4c485b2d9b8c429f27039" kindref="member">CASA</ref><sp/>cor){</highlight></codeline>
<codeline lineno="35"><highlight class="normal"><sp/><sp/><sp/><sp/>e-&gt;<ref refid="structESTADO_1ab56f0f1be16954d3768b4174d14c087d" kindref="member">tab</ref>[c.coluna]<sp/>[c.linha]<sp/>=<sp/>cor;</highlight></codeline>
<codeline lineno="36"><highlight class="normal">}</highlight></codeline>
<codeline lineno="37"><highlight class="normal"></highlight></codeline>
<codeline lineno="38"><highlight class="normal"></highlight></codeline>
<codeline lineno="39"><highlight class="normal"><ref refid="dados_8h_1aba91601f16d4c485b2d9b8c429f27039" kindref="member">CASA</ref><sp/><ref refid="dados_8h_1a30ed3311c93662ed15ec88bdc86d9855" kindref="member">consulta_posicao</ref>(<ref refid="structESTADO" kindref="compound">ESTADO</ref><sp/>*e,<sp/></highlight><highlight class="keywordtype">int</highlight><highlight class="normal"><sp/>x<sp/>,<sp/></highlight><highlight class="keywordtype">int</highlight><highlight class="normal"><sp/>y){</highlight></codeline>
<codeline lineno="40"><highlight class="normal"><sp/><sp/><sp/><sp/></highlight><highlight class="keywordflow">return</highlight><highlight class="normal"><sp/>e-&gt;<ref refid="structESTADO_1ab56f0f1be16954d3768b4174d14c087d" kindref="member">tab</ref><sp/>[x]<sp/>[y];</highlight></codeline>
<codeline lineno="41"><highlight class="normal">}</highlight></codeline>
<codeline lineno="42"><highlight class="normal"></highlight></codeline>
<codeline lineno="43"><highlight class="normal"></highlight></codeline>
<codeline lineno="44"><highlight class="normal"></highlight><highlight class="keywordtype">void</highlight><highlight class="normal"><sp/><ref refid="dados_8h_1a92a53c83eed376d935acbf128a409c11" kindref="member">atualiza_ultima</ref>(<ref refid="structESTADO" kindref="compound">ESTADO</ref><sp/>*e){</highlight></codeline>
<codeline lineno="45"><highlight class="normal"><sp/><sp/><sp/><sp/><ref refid="dados_8h_1ae926426c10698aeb0cfab3ab6507313e" kindref="member">atualiza_estado_casa</ref>(e,e-&gt;<ref refid="structESTADO_1a4896a5c5c1f40b43fb795623327e3f47" kindref="member">ultima_jogada</ref>,PRETA);</highlight></codeline>
<codeline lineno="46"><highlight class="normal">}</highlight></codeline>
<codeline lineno="47"><highlight class="normal"></highlight><highlight class="keywordtype">void</highlight><highlight class="normal"><sp/><ref refid="dados_8h_1a5145e20d5e4abdb6ca062e18cee9efab" kindref="member">atualiza_jogador</ref>(<ref refid="structESTADO" kindref="compound">ESTADO</ref><sp/>*e){</highlight></codeline>
<codeline lineno="48"><highlight class="normal"><sp/><sp/><sp/><sp/></highlight><highlight class="keywordflow">if</highlight><highlight class="normal">(e-&gt;<ref refid="structESTADO_1a5dd28e2e68b7aef2b6b7ea88e02eff58" kindref="member">jogador_atual</ref>==1)e-&gt;<ref refid="structESTADO_1a5dd28e2e68b7aef2b6b7ea88e02eff58" kindref="member">jogador_atual</ref>=2;</highlight></codeline>
<codeline lineno="49"><highlight class="normal"><sp/><sp/><sp/><sp/></highlight><highlight class="keywordflow">else</highlight><highlight class="normal"><sp/>(e-&gt;<ref refid="structESTADO_1a5dd28e2e68b7aef2b6b7ea88e02eff58" kindref="member">jogador_atual</ref>=1);</highlight></codeline>
<codeline lineno="50"><highlight class="normal">}</highlight></codeline>
<codeline lineno="51"><highlight class="normal"></highlight><highlight class="keywordtype">int</highlight><highlight class="normal"><sp/><ref refid="dados_8h_1a2c362b52acc2b5010a20a7aa36818dad" kindref="member">consulta_jogador</ref>(<ref refid="structESTADO" kindref="compound">ESTADO</ref><sp/>*e){</highlight></codeline>
<codeline lineno="52"><highlight class="normal"><sp/><sp/><sp/><sp/></highlight><highlight class="keywordflow">if</highlight><highlight class="normal">(e-&gt;<ref refid="structESTADO_1a5dd28e2e68b7aef2b6b7ea88e02eff58" kindref="member">jogador_atual</ref>==1)</highlight><highlight class="keywordflow">return</highlight><highlight class="normal"><sp/>1;</highlight></codeline>
<codeline lineno="53"><highlight class="normal"><sp/><sp/><sp/><sp/></highlight><highlight class="keywordflow">else</highlight><highlight class="normal"><sp/></highlight><highlight class="keywordflow">return</highlight><highlight class="normal"><sp/>2;</highlight></codeline>
<codeline lineno="54"><highlight class="normal">}</highlight></codeline>
<codeline lineno="55"><highlight class="normal"></highlight></codeline>
<codeline lineno="56"><highlight class="normal"></highlight></codeline>
<codeline lineno="57"><highlight class="normal"></highlight><highlight class="keywordtype">void</highlight><highlight class="normal"><sp/><ref refid="dados_8h_1a4bea65e08fbf43bd3797e37072e44bdb" kindref="member">muda_pos_ultima</ref>(<ref refid="structESTADO" kindref="compound">ESTADO</ref><sp/>*e,<sp/><ref refid="structCOORDENADA" kindref="compound">COORDENADA</ref><sp/>c){</highlight></codeline>
<codeline lineno="58"><highlight class="normal"><sp/><sp/><sp/><sp/>e-&gt;<ref refid="structESTADO_1a4896a5c5c1f40b43fb795623327e3f47" kindref="member">ultima_jogada</ref>.coluna=<sp/>c.coluna;</highlight></codeline>
<codeline lineno="59"><highlight class="normal"><sp/><sp/><sp/><sp/>e-&gt;<ref refid="structESTADO_1a4896a5c5c1f40b43fb795623327e3f47" kindref="member">ultima_jogada</ref>.linha<sp/>=<sp/>c.linha;</highlight></codeline>
<codeline lineno="60"><highlight class="normal">}</highlight></codeline>
<codeline lineno="61"><highlight class="normal"><ref refid="dados_8h_1aba91601f16d4c485b2d9b8c429f27039" kindref="member">CASA</ref><sp/><ref refid="dados_8h_1adc839b5b07de85fcd71f002d76ad378c" kindref="member">casa_final</ref>(<ref refid="structESTADO" kindref="compound">ESTADO</ref><sp/>*e,</highlight><highlight class="keywordtype">int</highlight><highlight class="normal"><sp/>x){</highlight></codeline>
<codeline lineno="62"><highlight class="normal"><sp/><sp/><sp/><sp/></highlight><highlight class="keywordflow">if</highlight><highlight class="normal">(x==1&amp;&amp;<ref refid="dados_8h_1a30ed3311c93662ed15ec88bdc86d9855" kindref="member">consulta_posicao</ref>(e,0,0)==BRANCA)<sp/></highlight><highlight class="keywordflow">return</highlight><highlight class="normal"><sp/>BRANCA;</highlight></codeline>
<codeline lineno="63"><highlight class="normal"><sp/><sp/><sp/><sp/></highlight><highlight class="keywordflow">if</highlight><highlight class="normal">(x==2&amp;&amp;<ref refid="dados_8h_1a30ed3311c93662ed15ec88bdc86d9855" kindref="member">consulta_posicao</ref>(e,7,7)==BRANCA)<sp/></highlight><highlight class="keywordflow">return</highlight><highlight class="normal"><sp/>BRANCA;</highlight></codeline>
<codeline lineno="64"><highlight class="normal"></highlight></codeline>
<codeline lineno="65"><highlight class="normal">}</highlight></codeline>
<codeline lineno="66"><highlight class="normal"></highlight><highlight class="keywordtype">void</highlight><highlight class="normal"><sp/><ref refid="dados_8h_1a21e3a5d323686285c4f2590123ace857" kindref="member">atualiza_jogadas</ref>(<ref refid="structESTADO" kindref="compound">ESTADO</ref><sp/>*e,<ref refid="structCOORDENADA" kindref="compound">COORDENADA</ref><sp/>c){</highlight></codeline>
<codeline lineno="67"><highlight class="normal"><sp/><sp/><sp/><sp/></highlight><highlight class="keywordflow">if</highlight><highlight class="normal">(e-&gt;<ref refid="structESTADO_1a5dd28e2e68b7aef2b6b7ea88e02eff58" kindref="member">jogador_atual</ref>==1){</highlight></codeline>
<codeline lineno="68"><highlight class="normal"><sp/><sp/><sp/><sp/><sp/><sp/><sp/><sp/>e-&gt;<ref refid="structESTADO_1afae43b87a488fad0f2b56a18bad31d18" kindref="member">jogadas</ref>[e-&gt;<ref refid="structESTADO_1a261495728744647e618b4e623f5a4b7a" kindref="member">num_jogadas</ref>].jogador1<sp/><sp/><sp/><sp/>=<sp/>c<sp/>;</highlight></codeline>
<codeline lineno="69"><highlight class="normal"><sp/><sp/><sp/><sp/>}</highlight></codeline>
<codeline lineno="70"><highlight class="normal"><sp/><sp/><sp/><sp/></highlight><highlight class="keywordflow">else</highlight><highlight class="normal"><sp/>{</highlight></codeline>
<codeline lineno="71"><highlight class="normal"><sp/><sp/><sp/><sp/><sp/><sp/><sp/><sp/>e-&gt;<ref refid="structESTADO_1afae43b87a488fad0f2b56a18bad31d18" kindref="member">jogadas</ref>[e-&gt;<ref refid="structESTADO_1a261495728744647e618b4e623f5a4b7a" kindref="member">num_jogadas</ref>-1].jogador2<sp/><sp/>=<sp/>c<sp/>;</highlight></codeline>
<codeline lineno="72"><highlight class="normal"><sp/><sp/><sp/><sp/>}</highlight></codeline>
<codeline lineno="73"><highlight class="normal"></highlight></codeline>
<codeline lineno="74"><highlight class="normal">}</highlight></codeline>
    </programlisting>
    <location file="dados.c"/>
  </compounddef>
</doxygen>
