<?xml version='1.0' encoding='UTF-8' standalone='no'?>
<doxygen xmlns:xsi="http://www.w3.org/2001/XMLSchema-instance" xsi:noNamespaceSchemaLocation="compound.xsd" version="1.8.13">
  <compounddef id="dados_8h" kind="file" language="C++">
    <compoundname>dados.h</compoundname>
    <includes local="no">bits/types/FILE.h</includes>
    <includedby refid="dados_8c" local="yes">dados.c</includedby>
    <includedby refid="interface_8h" local="yes">interface.h</includedby>
    <includedby refid="interface_8c" local="yes">interface.c</includedby>
    <includedby refid="lista_8h" local="yes">lista.h</includedby>
    <includedby refid="logica_8c" local="yes">logica.c</includedby>
    <includedby refid="main_8c" local="yes">main.c</includedby>
    <incdepgraph>
      <node id="11">
        <label>bits/types/FILE.h</label>
      </node>
      <node id="10">
        <label>dados.h</label>
        <link refid="dados_8h"/>
        <childnode refid="11" relation="include">
        </childnode>
      </node>
    </incdepgraph>
    <invincdepgraph>
      <node id="15">
        <label>logica.h</label>
        <link refid="logica_8h"/>
      </node>
      <node id="12">
        <label>dados.h</label>
        <link refid="dados_8h"/>
        <childnode refid="13" relation="include">
        </childnode>
        <childnode refid="14" relation="include">
        </childnode>
      </node>
      <node id="13">
        <label>interface.h</label>
        <link refid="interface_8h"/>
      </node>
      <node id="14">
        <label>lista.h</label>
        <link refid="lista_8h_source"/>
        <childnode refid="15" relation="include">
        </childnode>
      </node>
    </invincdepgraph>
    <innerclass refid="structCOORDENADA" prot="public">COORDENADA</innerclass>
    <innerclass refid="structJOGADA" prot="public">JOGADA</innerclass>
    <innerclass refid="structESTADO" prot="public">ESTADO</innerclass>
      <sectiondef kind="define">
      <memberdef kind="define" id="dados_8h_1a6821bafc3c88dfb2e433a095df9940c6" prot="public" static="no">
        <name>BUF_SIZE</name>
        <initializer>1024</initializer>
        <briefdescription>
        </briefdescription>
        <detaileddescription>
        </detaileddescription>
        <inbodydescription>
        </inbodydescription>
        <location file="dados.h" line="11" column="9" bodyfile="dados.h" bodystart="11" bodyend="-1"/>
      </memberdef>
      </sectiondef>
      <sectiondef kind="enum">
      <memberdef kind="enum" id="dados_8h_1aba91601f16d4c485b2d9b8c429f27039" prot="public" static="no">
        <name>CASA</name>
        <enumvalue id="dados_8h_1aba91601f16d4c485b2d9b8c429f27039abc711f491a56ec7af7a688be508c5113" prot="public">
          <name>VAZIO</name>
          <initializer>=&apos;.&apos;</initializer>
          <briefdescription>
          </briefdescription>
          <detaileddescription>
          </detaileddescription>
        </enumvalue>
        <enumvalue id="dados_8h_1aba91601f16d4c485b2d9b8c429f27039ad24485fddec75419fd4a0cc9edda0ca5" prot="public">
          <name>BRANCA</name>
          <initializer>=&apos;*&apos;</initializer>
          <briefdescription>
          </briefdescription>
          <detaileddescription>
          </detaileddescription>
        </enumvalue>
        <enumvalue id="dados_8h_1aba91601f16d4c485b2d9b8c429f27039a007278eb3827d19891b47cdd3ac8846d" prot="public">
          <name>PRETA</name>
          <initializer>=&apos;#&apos;</initializer>
          <briefdescription>
          </briefdescription>
          <detaileddescription>
          </detaileddescription>
        </enumvalue>
        <enumvalue id="dados_8h_1aba91601f16d4c485b2d9b8c429f27039ab620e38b0268bee43c7e9a88bd6e73fa" prot="public">
          <name>UM</name>
          <initializer>=&apos;1&apos;</initializer>
          <briefdescription>
          </briefdescription>
          <detaileddescription>
          </detaileddescription>
        </enumvalue>
        <enumvalue id="dados_8h_1aba91601f16d4c485b2d9b8c429f27039a2bf153109d0c8b96e61bc18d5be7c5da" prot="public">
          <name>DOIS</name>
          <initializer>=&apos;2&apos;</initializer>
          <briefdescription>
          </briefdescription>
          <detaileddescription>
          </detaileddescription>
        </enumvalue>
        <briefdescription>
<para>Tipo de dados para a casa. </para>        </briefdescription>
        <detaileddescription>
        </detaileddescription>
        <inbodydescription>
        </inbodydescription>
        <location file="dados.h" line="15" column="1" bodyfile="dados.h" bodystart="15" bodyend="15"/>
      </memberdef>
      </sectiondef>
      <sectiondef kind="typedef">
      <memberdef kind="typedef" id="dados_8h_1a94c221d29a1760f008b7834093259b7d" prot="public" static="no">
        <type><ref refid="structJOGADA" kindref="compound">JOGADA</ref></type>
        <definition>typedef JOGADA JOGADAS[32]</definition>
        <argsstring>[32]</argsstring>
        <name>JOGADAS</name>
        <briefdescription>
<para>Tipo de dados para as jogadas. </para>        </briefdescription>
        <detaileddescription>
        </detaileddescription>
        <inbodydescription>
        </inbodydescription>
        <location file="dados.h" line="34" column="1" bodyfile="dados.h" bodystart="34" bodyend="-1"/>
      </memberdef>
      </sectiondef>
      <sectiondef kind="func">
      <memberdef kind="function" id="dados_8h_1a7e0c7e26fb685d9ab501e19b05e6954f" prot="public" static="no" const="no" explicit="no" inline="no" virt="non-virtual">
        <type><ref refid="structESTADO" kindref="compound">ESTADO</ref> *</type>
        <definition>ESTADO* inicializar_estado</definition>
        <argsstring>()</argsstring>
        <name>inicializar_estado</name>
        <briefdescription>
<para>Inicializa o valor do estado Esta função inicializa o valor do estado. Isso implica o tabuleiro ser colocado na posição inicial e todos os campos do estado estarem com o valor por omissão. </para>        </briefdescription>
        <detaileddescription>
<para><simplesect kind="return"><para>O novo estado </para></simplesect>
</para>        </detaileddescription>
        <inbodydescription>
        </inbodydescription>
        <location file="dados.h" line="58" column="1" bodyfile="dados.c" bodystart="10" bodyend="32"/>
      </memberdef>
      <memberdef kind="function" id="dados_8h_1ae926426c10698aeb0cfab3ab6507313e" prot="public" static="no" const="no" explicit="no" inline="no" virt="non-virtual">
        <type>void</type>
        <definition>void atualiza_estado_casa</definition>
        <argsstring>(ESTADO *e, COORDENADA c, CASA cor)</argsstring>
        <name>atualiza_estado_casa</name>
        <param>
          <type><ref refid="structESTADO" kindref="compound">ESTADO</ref> *</type>
          <declname>e</declname>
        </param>
        <param>
          <type><ref refid="structCOORDENADA" kindref="compound">COORDENADA</ref></type>
          <declname>c</declname>
        </param>
        <param>
          <type><ref refid="dados_8h_1aba91601f16d4c485b2d9b8c429f27039" kindref="member">CASA</ref></type>
          <declname>cor</declname>
        </param>
        <briefdescription>
<para>Muda o valor de uma casa. </para>        </briefdescription>
        <detaileddescription>
<para><parameterlist kind="param"><parameteritem>
<parameternamelist>
<parametername>e</parametername>
</parameternamelist>
<parameterdescription>
<para>Apontador para o estado </para></parameterdescription>
</parameteritem>
<parameteritem>
<parameternamelist>
<parametername>c</parametername>
</parameternamelist>
<parameterdescription>
<para>A coordenada </para></parameterdescription>
</parameteritem>
<parameteritem>
<parameternamelist>
<parametername>cor</parametername>
</parameternamelist>
<parameterdescription>
<para>O novo valor para a casa</para></parameterdescription>
</parameteritem>
</parameterlist>
Muda o valor de uma casa. </para>        </detaileddescription>
        <inbodydescription>
        </inbodydescription>
        <location file="dados.h" line="65" column="1" bodyfile="dados.c" bodystart="34" bodyend="36"/>
      </memberdef>
      <memberdef kind="function" id="dados_8h_1a92a53c83eed376d935acbf128a409c11" prot="public" static="no" const="no" explicit="no" inline="no" virt="non-virtual">
        <type>void</type>
        <definition>void atualiza_ultima</definition>
        <argsstring>(ESTADO *e)</argsstring>
        <name>atualiza_ultima</name>
        <param>
          <type><ref refid="structESTADO" kindref="compound">ESTADO</ref> *</type>
          <declname>e</declname>
        </param>
        <briefdescription>
<para>Muda o estado da da ultima posiçao para PRETA. </para>        </briefdescription>
        <detaileddescription>
<para><parameterlist kind="param"><parameteritem>
<parameternamelist>
<parametername>e</parametername>
</parameternamelist>
<parameterdescription>
<para>Apontador para o estado </para></parameterdescription>
</parameteritem>
</parameterlist>
</para>        </detaileddescription>
        <inbodydescription>
        </inbodydescription>
        <location file="dados.h" line="71" column="1" bodyfile="dados.c" bodystart="44" bodyend="46"/>
      </memberdef>
      <memberdef kind="function" id="dados_8h_1a5145e20d5e4abdb6ca062e18cee9efab" prot="public" static="no" const="no" explicit="no" inline="no" virt="non-virtual">
        <type>void</type>
        <definition>void atualiza_jogador</definition>
        <argsstring>(ESTADO *e)</argsstring>
        <name>atualiza_jogador</name>
        <param>
          <type><ref refid="structESTADO" kindref="compound">ESTADO</ref> *</type>
          <declname>e</declname>
        </param>
        <briefdescription>
<para>Altera de um jogador para o outro. </para>        </briefdescription>
        <detaileddescription>
<para><parameterlist kind="param"><parameteritem>
<parameternamelist>
<parametername>e</parametername>
</parameternamelist>
<parameterdescription>
<para>Apontador para o estado </para></parameterdescription>
</parameteritem>
</parameterlist>
</para>        </detaileddescription>
        <inbodydescription>
        </inbodydescription>
        <location file="dados.h" line="76" column="1" bodyfile="dados.c" bodystart="47" bodyend="50"/>
      </memberdef>
      <memberdef kind="function" id="dados_8h_1a4bea65e08fbf43bd3797e37072e44bdb" prot="public" static="no" const="no" explicit="no" inline="no" virt="non-virtual">
        <type>void</type>
        <definition>void muda_pos_ultima</definition>
        <argsstring>(ESTADO *e, COORDENADA c)</argsstring>
        <name>muda_pos_ultima</name>
        <param>
          <type><ref refid="structESTADO" kindref="compound">ESTADO</ref> *</type>
          <declname>e</declname>
        </param>
        <param>
          <type><ref refid="structCOORDENADA" kindref="compound">COORDENADA</ref></type>
          <declname>c</declname>
        </param>
        <briefdescription>
<para>Muda a coordenada da da ultima posiçao para a posiçao atual. </para>        </briefdescription>
        <detaileddescription>
<para><parameterlist kind="param"><parameteritem>
<parameternamelist>
<parametername>e</parametername>
</parameternamelist>
<parameterdescription>
<para></para></parameterdescription>
</parameteritem>
</parameterlist>
</para>        </detaileddescription>
        <inbodydescription>
        </inbodydescription>
        <location file="dados.h" line="81" column="1" bodyfile="dados.c" bodystart="57" bodyend="60"/>
      </memberdef>
      <memberdef kind="function" id="dados_8h_1a2c362b52acc2b5010a20a7aa36818dad" prot="public" static="no" const="no" explicit="no" inline="no" virt="non-virtual">
        <type>int</type>
        <definition>int consulta_jogador</definition>
        <argsstring>(ESTADO *e)</argsstring>
        <name>consulta_jogador</name>
        <param>
          <type><ref refid="structESTADO" kindref="compound">ESTADO</ref> *</type>
          <declname>e</declname>
        </param>
        <briefdescription>
<para>Devolve o Jogador atual. </para>        </briefdescription>
        <detaileddescription>
<para><parameterlist kind="param"><parameteritem>
<parameternamelist>
<parametername>e</parametername>
</parameternamelist>
<parameterdescription>
<para>Apontador para o estado </para></parameterdescription>
</parameteritem>
</parameterlist>
</para>        </detaileddescription>
        <inbodydescription>
        </inbodydescription>
        <location file="dados.h" line="86" column="1" bodyfile="dados.c" bodystart="51" bodyend="54"/>
      </memberdef>
      <memberdef kind="function" id="dados_8h_1a30ed3311c93662ed15ec88bdc86d9855" prot="public" static="no" const="no" explicit="no" inline="no" virt="non-virtual">
        <type><ref refid="dados_8h_1aba91601f16d4c485b2d9b8c429f27039" kindref="member">CASA</ref></type>
        <definition>CASA consulta_posicao</definition>
        <argsstring>(ESTADO *e, int x, int y)</argsstring>
        <name>consulta_posicao</name>
        <param>
          <type><ref refid="structESTADO" kindref="compound">ESTADO</ref> *</type>
          <declname>e</declname>
        </param>
        <param>
          <type>int</type>
          <declname>x</declname>
        </param>
        <param>
          <type>int</type>
          <declname>y</declname>
        </param>
        <briefdescription>
<para>Devolve o valor de uma casa. </para>        </briefdescription>
        <detaileddescription>
<para><parameterlist kind="param"><parameteritem>
<parameternamelist>
<parametername>e</parametername>
</parameternamelist>
<parameterdescription>
<para>Apontador para o estado </para></parameterdescription>
</parameteritem>
<parameteritem>
<parameternamelist>
<parametername>x</parametername>
</parameternamelist>
<parameterdescription>
<para>e </para></parameterdescription>
</parameteritem>
<parameteritem>
<parameternamelist>
<parametername>y</parametername>
</parameternamelist>
<parameterdescription>
<para>sao as coordenadas </para></parameterdescription>
</parameteritem>
</parameterlist>
<simplesect kind="return"><para>O valor da casa </para></simplesect>
</para>        </detaileddescription>
        <inbodydescription>
        </inbodydescription>
        <location file="dados.h" line="93" column="1" bodyfile="dados.c" bodystart="39" bodyend="41"/>
      </memberdef>
      <memberdef kind="function" id="dados_8h_1adc839b5b07de85fcd71f002d76ad378c" prot="public" static="no" const="no" explicit="no" inline="no" virt="non-virtual">
        <type><ref refid="dados_8h_1aba91601f16d4c485b2d9b8c429f27039" kindref="member">CASA</ref></type>
        <definition>CASA casa_final</definition>
        <argsstring>(ESTADO *e, int x)</argsstring>
        <name>casa_final</name>
        <param>
          <type><ref refid="structESTADO" kindref="compound">ESTADO</ref> *</type>
          <declname>e</declname>
        </param>
        <param>
          <type>int</type>
          <declname>x</declname>
        </param>
        <briefdescription>
<para>Deteta se o estado com a casa 1 ou 2 é alterado. </para>        </briefdescription>
        <detaileddescription>
<para><parameterlist kind="param"><parameteritem>
<parameternamelist>
<parametername>e</parametername>
</parameternamelist>
<parameterdescription>
<para>Apontador para o estado </para></parameterdescription>
</parameteritem>
<parameteritem>
<parameternamelist>
<parametername>x</parametername>
</parameternamelist>
<parameterdescription>
<para>determina se é a casa com 1 ou 2 a ser analisada </para></parameterdescription>
</parameteritem>
</parameterlist>
<simplesect kind="return"><para>O estado atual da casa 1 ou 2 </para></simplesect>
</para>        </detaileddescription>
        <inbodydescription>
        </inbodydescription>
        <location file="dados.h" line="100" column="1" bodyfile="dados.c" bodystart="61" bodyend="65"/>
      </memberdef>
      <memberdef kind="function" id="dados_8h_1a21e3a5d323686285c4f2590123ace857" prot="public" static="no" const="no" explicit="no" inline="no" virt="non-virtual">
        <type>void</type>
        <definition>void atualiza_jogadas</definition>
        <argsstring>(ESTADO *e, COORDENADA c)</argsstring>
        <name>atualiza_jogadas</name>
        <param>
          <type><ref refid="structESTADO" kindref="compound">ESTADO</ref> *</type>
          <declname>e</declname>
        </param>
        <param>
          <type><ref refid="structCOORDENADA" kindref="compound">COORDENADA</ref></type>
          <declname>c</declname>
        </param>
        <briefdescription>
<para>Atualiza as jogadas. </para>        </briefdescription>
        <detaileddescription>
<para><parameterlist kind="param"><parameteritem>
<parameternamelist>
<parametername>e</parametername>
</parameternamelist>
<parameterdescription>
<para>indicador para o estado </para></parameterdescription>
</parameteritem>
<parameteritem>
<parameternamelist>
<parametername>c</parametername>
</parameternamelist>
<parameterdescription>
<para>A coordenada </para></parameterdescription>
</parameteritem>
</parameterlist>
</para>        </detaileddescription>
        <inbodydescription>
        </inbodydescription>
        <location file="dados.h" line="106" column="1" bodyfile="dados.c" bodystart="66" bodyend="74"/>
      </memberdef>
      </sectiondef>
    <briefdescription>
    </briefdescription>
    <detaileddescription>
<para>Definição do estado e das funções que o manipulam </para>    </detaileddescription>
    <programlisting>
<codeline lineno="1"></codeline>
<codeline lineno="6"><highlight class="preprocessor">#ifndef<sp/>PROJETOLA_DADOS_H</highlight><highlight class="normal"></highlight></codeline>
<codeline lineno="7"><highlight class="normal"></highlight><highlight class="preprocessor">#define<sp/>PROJETOLA_DADOS_H</highlight><highlight class="normal"></highlight></codeline>
<codeline lineno="8"><highlight class="normal"></highlight></codeline>
<codeline lineno="9"><highlight class="normal"></highlight><highlight class="preprocessor">#include<sp/>&lt;bits/types/FILE.h&gt;</highlight><highlight class="normal"></highlight></codeline>
<codeline lineno="10"><highlight class="normal"></highlight></codeline>
<codeline lineno="11"><highlight class="normal"></highlight><highlight class="preprocessor">#define<sp/>BUF_SIZE<sp/>1024</highlight><highlight class="normal"></highlight></codeline>
<codeline lineno="12"><highlight class="normal"></highlight></codeline>
<codeline lineno="15" refid="dados_8h_1aba91601f16d4c485b2d9b8c429f27039" refkind="member"><highlight class="keyword">typedef</highlight><highlight class="normal"><sp/></highlight><highlight class="keyword">enum</highlight><highlight class="normal"><sp/>{VAZIO=</highlight><highlight class="charliteral">&apos;.&apos;</highlight><highlight class="normal">,<sp/>BRANCA=</highlight><highlight class="charliteral">&apos;*&apos;</highlight><highlight class="normal">,<sp/>PRETA=</highlight><highlight class="charliteral">&apos;#&apos;</highlight><highlight class="normal">,UM=</highlight><highlight class="charliteral">&apos;1&apos;</highlight><highlight class="normal">,DOIS=</highlight><highlight class="charliteral">&apos;2&apos;</highlight><highlight class="normal">}<sp/><ref refid="dados_8h_1aba91601f16d4c485b2d9b8c429f27039" kindref="member">CASA</ref>;</highlight></codeline>
<codeline lineno="19" refid="structCOORDENADA" refkind="compound"><highlight class="keyword">typedef</highlight><highlight class="normal"><sp/></highlight><highlight class="keyword">struct<sp/></highlight><highlight class="normal">{</highlight></codeline>
<codeline lineno="20"><highlight class="normal"><sp/><sp/><sp/><sp/></highlight><highlight class="keywordtype">int</highlight><highlight class="normal"><sp/>coluna;</highlight></codeline>
<codeline lineno="21"><highlight class="normal"><sp/><sp/><sp/><sp/></highlight><highlight class="keywordtype">int</highlight><highlight class="normal"><sp/>linha;</highlight></codeline>
<codeline lineno="22"><highlight class="normal">}<sp/><ref refid="structCOORDENADA" kindref="compound">COORDENADA</ref>;</highlight></codeline>
<codeline lineno="26" refid="structJOGADA" refkind="compound"><highlight class="keyword">typedef</highlight><highlight class="normal"><sp/></highlight><highlight class="keyword">struct<sp/></highlight><highlight class="normal">{</highlight></codeline>
<codeline lineno="27"><highlight class="normal"><sp/><sp/><sp/><sp/><ref refid="structCOORDENADA" kindref="compound">COORDENADA</ref><sp/>jogador1;</highlight></codeline>
<codeline lineno="28"><highlight class="normal"><sp/><sp/><sp/><sp/><ref refid="structCOORDENADA" kindref="compound">COORDENADA</ref><sp/>jogador2;</highlight></codeline>
<codeline lineno="29"><highlight class="normal">}<sp/><ref refid="structJOGADA" kindref="compound">JOGADA</ref>;</highlight></codeline>
<codeline lineno="30"><highlight class="normal"></highlight></codeline>
<codeline lineno="34" refid="dados_8h_1a94c221d29a1760f008b7834093259b7d" refkind="member"><highlight class="keyword">typedef</highlight><highlight class="normal"><sp/><ref refid="structJOGADA" kindref="compound">JOGADA</ref><sp/><ref refid="dados_8h_1a94c221d29a1760f008b7834093259b7d" kindref="member">JOGADAS</ref>[32];</highlight></codeline>
<codeline lineno="38" refid="structESTADO" refkind="compound"><highlight class="keyword">typedef</highlight><highlight class="normal"><sp/></highlight><highlight class="keyword">struct<sp/></highlight><highlight class="normal">{</highlight></codeline>
<codeline lineno="40" refid="structESTADO_1ab56f0f1be16954d3768b4174d14c087d" refkind="member"><highlight class="normal"><sp/><sp/><sp/><sp/><ref refid="dados_8h_1aba91601f16d4c485b2d9b8c429f27039" kindref="member">CASA</ref><sp/>tab[8][8];</highlight></codeline>
<codeline lineno="42" refid="structESTADO_1a4896a5c5c1f40b43fb795623327e3f47" refkind="member"><highlight class="normal"><sp/><sp/><sp/><sp/><ref refid="structCOORDENADA" kindref="compound">COORDENADA</ref><sp/><ref refid="structESTADO_1a4896a5c5c1f40b43fb795623327e3f47" kindref="member">ultima_jogada</ref>;</highlight></codeline>
<codeline lineno="44" refid="structESTADO_1afae43b87a488fad0f2b56a18bad31d18" refkind="member"><highlight class="normal"><sp/><sp/><sp/><sp/><ref refid="dados_8h_1a94c221d29a1760f008b7834093259b7d" kindref="member">JOGADAS</ref><sp/><ref refid="structESTADO_1afae43b87a488fad0f2b56a18bad31d18" kindref="member">jogadas</ref>;</highlight></codeline>
<codeline lineno="46" refid="structESTADO_1a261495728744647e618b4e623f5a4b7a" refkind="member"><highlight class="normal"><sp/><sp/><sp/><sp/></highlight><highlight class="keywordtype">int</highlight><highlight class="normal"><sp/><ref refid="structESTADO_1a261495728744647e618b4e623f5a4b7a" kindref="member">num_jogadas</ref>;</highlight></codeline>
<codeline lineno="48" refid="structESTADO_1a5dd28e2e68b7aef2b6b7ea88e02eff58" refkind="member"><highlight class="normal"><sp/><sp/><sp/><sp/></highlight><highlight class="keywordtype">int</highlight><highlight class="normal"><sp/><ref refid="structESTADO_1a5dd28e2e68b7aef2b6b7ea88e02eff58" kindref="member">jogador_atual</ref>;</highlight></codeline>
<codeline lineno="50" refid="structESTADO_1adf1064dfc09145b6995a7897249f1674" refkind="member"><highlight class="normal"><sp/><sp/><sp/><sp/></highlight><highlight class="keywordtype">int</highlight><highlight class="normal"><sp/><ref refid="structESTADO_1adf1064dfc09145b6995a7897249f1674" kindref="member">num_comando</ref>;</highlight></codeline>
<codeline lineno="51"><highlight class="normal">}<sp/><ref refid="structESTADO" kindref="compound">ESTADO</ref>;</highlight></codeline>
<codeline lineno="52"><highlight class="normal"></highlight></codeline>
<codeline lineno="58"><highlight class="normal"><ref refid="structESTADO" kindref="compound">ESTADO</ref><sp/>*<ref refid="dados_8h_1a7e0c7e26fb685d9ab501e19b05e6954f" kindref="member">inicializar_estado</ref>();</highlight></codeline>
<codeline lineno="65"><highlight class="keywordtype">void</highlight><highlight class="normal"><sp/><ref refid="dados_8h_1ae926426c10698aeb0cfab3ab6507313e" kindref="member">atualiza_estado_casa</ref>(<ref refid="structESTADO" kindref="compound">ESTADO</ref><sp/>*e,<ref refid="structCOORDENADA" kindref="compound">COORDENADA</ref><sp/>c,<sp/><ref refid="dados_8h_1aba91601f16d4c485b2d9b8c429f27039" kindref="member">CASA</ref><sp/>cor);</highlight></codeline>
<codeline lineno="71"><highlight class="keywordtype">void</highlight><highlight class="normal"><sp/><ref refid="dados_8h_1a92a53c83eed376d935acbf128a409c11" kindref="member">atualiza_ultima</ref>(<ref refid="structESTADO" kindref="compound">ESTADO</ref><sp/>*e);</highlight></codeline>
<codeline lineno="76"><highlight class="keywordtype">void</highlight><highlight class="normal"><sp/><ref refid="dados_8h_1a5145e20d5e4abdb6ca062e18cee9efab" kindref="member">atualiza_jogador</ref>(<ref refid="structESTADO" kindref="compound">ESTADO</ref><sp/>*e);</highlight></codeline>
<codeline lineno="81"><highlight class="keywordtype">void</highlight><highlight class="normal"><sp/><ref refid="dados_8h_1a4bea65e08fbf43bd3797e37072e44bdb" kindref="member">muda_pos_ultima</ref>(<ref refid="structESTADO" kindref="compound">ESTADO</ref><sp/>*e,<sp/><ref refid="structCOORDENADA" kindref="compound">COORDENADA</ref><sp/>c);</highlight></codeline>
<codeline lineno="86"><highlight class="keywordtype">int</highlight><highlight class="normal"><sp/><ref refid="dados_8h_1a2c362b52acc2b5010a20a7aa36818dad" kindref="member">consulta_jogador</ref>(<ref refid="structESTADO" kindref="compound">ESTADO</ref><sp/>*e);</highlight></codeline>
<codeline lineno="93"><highlight class="normal"><ref refid="dados_8h_1aba91601f16d4c485b2d9b8c429f27039" kindref="member">CASA</ref><sp/><ref refid="dados_8h_1a30ed3311c93662ed15ec88bdc86d9855" kindref="member">consulta_posicao</ref>(<ref refid="structESTADO" kindref="compound">ESTADO</ref><sp/>*e,<sp/></highlight><highlight class="keywordtype">int</highlight><highlight class="normal"><sp/>x,<sp/></highlight><highlight class="keywordtype">int</highlight><highlight class="normal"><sp/>y);</highlight></codeline>
<codeline lineno="100"><highlight class="normal"><ref refid="dados_8h_1aba91601f16d4c485b2d9b8c429f27039" kindref="member">CASA</ref><sp/><ref refid="dados_8h_1adc839b5b07de85fcd71f002d76ad378c" kindref="member">casa_final</ref>(<ref refid="structESTADO" kindref="compound">ESTADO</ref><sp/>*e,</highlight><highlight class="keywordtype">int</highlight><highlight class="normal"><sp/>x);</highlight></codeline>
<codeline lineno="106"><highlight class="keywordtype">void</highlight><highlight class="normal"><sp/><ref refid="dados_8h_1a21e3a5d323686285c4f2590123ace857" kindref="member">atualiza_jogadas</ref>(<ref refid="structESTADO" kindref="compound">ESTADO</ref><sp/>*e,<ref refid="structCOORDENADA" kindref="compound">COORDENADA</ref><sp/>c);</highlight></codeline>
<codeline lineno="107"><highlight class="normal"></highlight><highlight class="preprocessor">#endif<sp/>//PROJETOLA_DADOS_H</highlight></codeline>
    </programlisting>
    <location file="dados.h"/>
  </compounddef>
</doxygen>
