<?xml version='1.0' encoding='UTF-8' standalone='no'?>
<doxygen xmlns:xsi="http://www.w3.org/2001/XMLSchema-instance" xsi:noNamespaceSchemaLocation="compound.xsd" version="1.8.13">
  <compounddef id="dir_2942f868a03c41b22a536fdc77b965b5" kind="dir">
    <compoundname>cmake-build-debug/CMakeFiles/3.16.5/CompilerIdC</compoundname>
    <innerfile refid="3_816_85_2CompilerIdC_2CMakeCCompilerId_8c">CMakeCCompilerId.c</innerfile>
    <briefdescription>
    </briefdescription>
    <detaileddescription>
    </detaileddescription>
    <location file="cmake-build-debug/CMakeFiles/3.16.5/CompilerIdC/"/>
  </compounddef>
</doxygen>
