<?xml version='1.0' encoding='UTF-8' standalone='no'?>
<doxygen xmlns:xsi="http://www.w3.org/2001/XMLSchema-instance" xsi:noNamespaceSchemaLocation="compound.xsd" version="1.8.13">
  <compounddef id="dir_f89abcb304c928c7d889aa5625570de5" kind="dir">
    <compoundname>cmake-build-debug/CMakeFiles</compoundname>
    <innerdir refid="dir_f942a7a73394fda25d4213a70555b3f8">cmake-build-debug/CMakeFiles/3.15.3</innerdir>
    <innerdir refid="dir_e1ecdbac78f5041bd527fb40a7fd21eb">cmake-build-debug/CMakeFiles/3.16.5</innerdir>
    <briefdescription>
    </briefdescription>
    <detaileddescription>
    </detaileddescription>
    <location file="cmake-build-debug/CMakeFiles/"/>
  </compounddef>
</doxygen>
