<?xml version='1.0' encoding='UTF-8' standalone='no'?>
<doxygen xmlns:xsi="http://www.w3.org/2001/XMLSchema-instance" xsi:noNamespaceSchemaLocation="compound.xsd" version="1.8.13">
  <compounddef id="dir_44ea9ed243d3740341f2efeb45271ac4" kind="dir">
    <compoundname>cmake-build-debug/CMakeFiles/3.15.3/CompilerIdC</compoundname>
    <innerfile refid="3_815_83_2CompilerIdC_2CMakeCCompilerId_8c">CMakeCCompilerId.c</innerfile>
    <briefdescription>
    </briefdescription>
    <detaileddescription>
    </detaileddescription>
    <location file="cmake-build-debug/CMakeFiles/3.15.3/CompilerIdC/"/>
  </compounddef>
</doxygen>
