<?xml version='1.0' encoding='UTF-8' standalone='no'?>
<doxygen xmlns:xsi="http://www.w3.org/2001/XMLSchema-instance" xsi:noNamespaceSchemaLocation="compound.xsd" version="1.8.13">
  <compounddef id="dir_95e29a8b8ee7c54052c171a88bb95675" kind="dir">
    <compoundname>cmake-build-debug</compoundname>
    <innerdir refid="dir_f89abcb304c928c7d889aa5625570de5">cmake-build-debug/CMakeFiles</innerdir>
    <briefdescription>
    </briefdescription>
    <detaileddescription>
    </detaileddescription>
    <location file="cmake-build-debug/"/>
  </compounddef>
</doxygen>
