<?xml version='1.0' encoding='UTF-8' standalone='no'?>
<doxygen xmlns:xsi="http://www.w3.org/2001/XMLSchema-instance" xsi:noNamespaceSchemaLocation="compound.xsd" version="1.8.13">
  <compounddef id="interface_8h" kind="file" language="C++">
    <compoundname>interface.h</compoundname>
    <includes refid="dados_8h" local="yes">dados.h</includes>
    <includedby refid="interface_8c" local="yes">interface.c</includedby>
    <includedby refid="logica_8c" local="yes">logica.c</includedby>
    <includedby refid="main_8c" local="yes">main.c</includedby>
    <incdepgraph>
      <node id="29">
        <label>bits/types/FILE.h</label>
      </node>
      <node id="28">
        <label>dados.h</label>
        <link refid="dados_8h"/>
        <childnode refid="29" relation="include">
        </childnode>
      </node>
      <node id="27">
        <label>interface.h</label>
        <link refid="interface_8h"/>
        <childnode refid="28" relation="include">
        </childnode>
      </node>
    </incdepgraph>
      <sectiondef kind="func">
      <memberdef kind="function" id="interface_8h_1a49c8e6516320a095ffd3cf91405cecee" prot="public" static="no" const="no" explicit="no" inline="no" virt="non-virtual">
        <type>void</type>
        <definition>void mostrar_tabuleiro</definition>
        <argsstring>(ESTADO *e, FILE *destino)</argsstring>
        <name>mostrar_tabuleiro</name>
        <param>
          <type><ref refid="structESTADO" kindref="compound">ESTADO</ref> *</type>
          <declname>e</declname>
        </param>
        <param>
          <type>FILE *</type>
          <declname>destino</declname>
        </param>
        <briefdescription>
<para>Apresenta o tabuleiro para o utilizador. </para>        </briefdescription>
        <detaileddescription>
<para><parameterlist kind="param"><parameteritem>
<parameternamelist>
<parametername>e</parametername>
</parameternamelist>
<parameterdescription>
<para>Apontador para o estado </para></parameterdescription>
</parameteritem>
<parameteritem>
<parameternamelist>
<parametername>destino</parametername>
</parameternamelist>
<parameterdescription>
<para>Onde vai ser impresso o tabuleiro </para></parameterdescription>
</parameteritem>
</parameterlist>
</para>        </detaileddescription>
        <inbodydescription>
        </inbodydescription>
        <location file="interface.h" line="13" column="1" bodyfile="interface.c" bodystart="13" bodyend="36"/>
      </memberdef>
      <memberdef kind="function" id="interface_8h_1a24da95ebeede4a540e37790ce8be359b" prot="public" static="no" const="no" explicit="no" inline="no" virt="non-virtual">
        <type>int</type>
        <definition>int interpretador</definition>
        <argsstring>(ESTADO *e)</argsstring>
        <name>interpretador</name>
        <param>
          <type><ref refid="structESTADO" kindref="compound">ESTADO</ref> *</type>
          <declname>e</declname>
        </param>
        <briefdescription>
<para>interpreta os comandos do utilizador </para>        </briefdescription>
        <detaileddescription>
<para><parameterlist kind="param"><parameteritem>
<parameternamelist>
<parametername>e</parametername>
</parameternamelist>
<parameterdescription>
<para>Apontador para o estado </para></parameterdescription>
</parameteritem>
</parameterlist>
</para>        </detaileddescription>
        <inbodydescription>
        </inbodydescription>
        <location file="interface.h" line="18" column="1" bodyfile="interface.c" bodystart="38" bodyend="126"/>
      </memberdef>
      <memberdef kind="function" id="interface_8h_1a9eb2813a6ac1e79a76f920f9a4f32bb6" prot="public" static="no" const="no" explicit="no" inline="no" virt="non-virtual">
        <type>void</type>
        <definition>void mostra_prompt</definition>
        <argsstring>(ESTADO *e)</argsstring>
        <name>mostra_prompt</name>
        <param>
          <type><ref refid="structESTADO" kindref="compound">ESTADO</ref> *</type>
          <declname>e</declname>
        </param>
        <briefdescription>
<para>Apresenta um painel com informaçoes basicas para o utilizador. </para>        </briefdescription>
        <detaileddescription>
<para><parameterlist kind="param"><parameteritem>
<parameternamelist>
<parametername>e</parametername>
</parameternamelist>
<parameterdescription>
<para>Apontador para o estado </para></parameterdescription>
</parameteritem>
</parameterlist>
</para>        </detaileddescription>
        <inbodydescription>
        </inbodydescription>
        <location file="interface.h" line="23" column="1" bodyfile="interface.c" bodystart="10" bodyend="12"/>
      </memberdef>
      <memberdef kind="function" id="interface_8h_1a47013431965901d535f3c4391b61cdd5" prot="public" static="no" const="no" explicit="no" inline="no" virt="non-virtual">
        <type>void</type>
        <definition>void guardar</definition>
        <argsstring>(char *file, ESTADO *e)</argsstring>
        <name>guardar</name>
        <param>
          <type>char *</type>
          <declname>file</declname>
        </param>
        <param>
          <type><ref refid="structESTADO" kindref="compound">ESTADO</ref> *</type>
          <declname>e</declname>
        </param>
        <briefdescription>
<para>Guarda um tabuleiro num ficheiro. </para>        </briefdescription>
        <detaileddescription>
<para><parameterlist kind="param"><parameteritem>
<parameternamelist>
<parametername>file</parametername>
</parameternamelist>
<parameterdescription>
<para>ficheiro onde sera guardado o tabuleiro </para></parameterdescription>
</parameteritem>
<parameteritem>
<parameternamelist>
<parametername>e</parametername>
</parameternamelist>
<parameterdescription>
<para>Apontador para o estado </para></parameterdescription>
</parameteritem>
</parameterlist>
</para>        </detaileddescription>
        <inbodydescription>
        </inbodydescription>
        <location file="interface.h" line="29" column="1" bodyfile="interface.c" bodystart="127" bodyend="134"/>
      </memberdef>
      <memberdef kind="function" id="interface_8h_1a0096ae2fafe42cc41650df4856ba7fa1" prot="public" static="no" const="no" explicit="no" inline="no" virt="non-virtual">
        <type>void</type>
        <definition>void convertelinha</definition>
        <argsstring>(char *linhas, int coord_y, ESTADO *e)</argsstring>
        <name>convertelinha</name>
        <param>
          <type>char *</type>
          <declname>linhas</declname>
        </param>
        <param>
          <type>int</type>
          <declname>coord_y</declname>
        </param>
        <param>
          <type><ref refid="structESTADO" kindref="compound">ESTADO</ref> *</type>
          <declname>e</declname>
        </param>
        <briefdescription>
<para>Copia o conteudo de um ficheiro e interpreta-o. </para>        </briefdescription>
        <detaileddescription>
<para><parameterlist kind="param"><parameteritem>
<parameternamelist>
<parametername>linhas</parametername>
</parameternamelist>
<parameterdescription>
<para>Linha onde se situa </para></parameterdescription>
</parameteritem>
<parameteritem>
<parameternamelist>
<parametername>coord_y</parametername>
</parameternamelist>
<parameterdescription>
<para>Posiçao na linha </para></parameterdescription>
</parameteritem>
<parameteritem>
<parameternamelist>
<parametername>e</parametername>
</parameternamelist>
<parameterdescription>
<para>Apontador para o estado </para></parameterdescription>
</parameteritem>
</parameterlist>
</para>        </detaileddescription>
        <inbodydescription>
        </inbodydescription>
        <location file="interface.h" line="36" column="1"/>
      </memberdef>
      <memberdef kind="function" id="interface_8h_1a9666d1e07aff3ca224916eb121dc11e9" prot="public" static="no" const="no" explicit="no" inline="no" virt="non-virtual">
        <type><ref refid="structESTADO" kindref="compound">ESTADO</ref> *</type>
        <definition>ESTADO* ler</definition>
        <argsstring>(char *file)</argsstring>
        <name>ler</name>
        <param>
          <type>char *</type>
          <declname>file</declname>
        </param>
        <briefdescription>
<para>Le um ficheiro. </para>        </briefdescription>
        <detaileddescription>
<para><parameterlist kind="param"><parameteritem>
<parameternamelist>
<parametername>file</parametername>
</parameternamelist>
<parameterdescription>
<para>O nome do ficheiro </para></parameterdescription>
</parameteritem>
</parameterlist>
</para>        </detaileddescription>
        <inbodydescription>
        </inbodydescription>
        <location file="interface.h" line="41" column="1" bodyfile="interface.c" bodystart="135" bodyend="188"/>
      </memberdef>
      <memberdef kind="function" id="interface_8h_1ae41ae486081ebf357b40a1a554daae71" prot="public" static="no" const="no" explicit="no" inline="no" virt="non-virtual">
        <type>void</type>
        <definition>void movs</definition>
        <argsstring>(ESTADO *e, FILE *destino)</argsstring>
        <name>movs</name>
        <param>
          <type><ref refid="structESTADO" kindref="compound">ESTADO</ref> *</type>
          <declname>e</declname>
        </param>
        <param>
          <type>FILE *</type>
          <declname>destino</declname>
        </param>
        <briefdescription>
<para>Mostra os movimentos. </para>        </briefdescription>
        <detaileddescription>
<para><parameterlist kind="param"><parameteritem>
<parameternamelist>
<parametername>e</parametername>
</parameternamelist>
<parameterdescription>
<para>Apontador para o estado </para></parameterdescription>
</parameteritem>
<parameteritem>
<parameternamelist>
<parametername>destino</parametername>
</parameternamelist>
<parameterdescription>
<para>Onde vai ser impresso a lista de movimentos </para></parameterdescription>
</parameteritem>
</parameterlist>
</para>        </detaileddescription>
        <inbodydescription>
        </inbodydescription>
        <location file="interface.h" line="47" column="1" bodyfile="interface.c" bodystart="189" bodyend="202"/>
      </memberdef>
      <memberdef kind="function" id="interface_8h_1a7fb08231327a3410b30705f367e50c67" prot="public" static="no" const="no" explicit="no" inline="no" virt="non-virtual">
        <type>void</type>
        <definition>void inseremovs</definition>
        <argsstring>(ESTADO *e, COORDENADA c, int posicao, int jogador)</argsstring>
        <name>inseremovs</name>
        <param>
          <type><ref refid="structESTADO" kindref="compound">ESTADO</ref> *</type>
          <declname>e</declname>
        </param>
        <param>
          <type><ref refid="structCOORDENADA" kindref="compound">COORDENADA</ref></type>
          <declname>c</declname>
        </param>
        <param>
          <type>int</type>
          <declname>posicao</declname>
        </param>
        <param>
          <type>int</type>
          <declname>jogador</declname>
        </param>
        <briefdescription>
<para>Insere movimentos tendo em conta o jogador atual. </para>        </briefdescription>
        <detaileddescription>
<para><parameterlist kind="param"><parameteritem>
<parameternamelist>
<parametername>e</parametername>
</parameternamelist>
<parameterdescription>
<para>Apontador para o estado </para></parameterdescription>
</parameteritem>
<parameteritem>
<parameternamelist>
<parametername>c</parametername>
</parameternamelist>
<parameterdescription>
<para>Coordenada </para></parameterdescription>
</parameteritem>
<parameteritem>
<parameternamelist>
<parametername>posicao</parametername>
</parameternamelist>
<parameterdescription>
<para>Posição do jogador </para></parameterdescription>
</parameteritem>
<parameteritem>
<parameternamelist>
<parametername>jogador</parametername>
</parameternamelist>
<parameterdescription>
<para>Jogador atual </para></parameterdescription>
</parameteritem>
</parameterlist>
</para>        </detaileddescription>
        <inbodydescription>
        </inbodydescription>
        <location file="interface.h" line="55" column="1" bodyfile="interface.c" bodystart="203" bodyend="212"/>
      </memberdef>
      <memberdef kind="function" id="interface_8h_1a5502a84da6d5bffda87a2ab6ee43c163" prot="public" static="no" const="no" explicit="no" inline="no" virt="non-virtual">
        <type><ref refid="structESTADO" kindref="compound">ESTADO</ref></type>
        <definition>ESTADO pos</definition>
        <argsstring>(ESTADO *e, int njogada)</argsstring>
        <name>pos</name>
        <param>
          <type><ref refid="structESTADO" kindref="compound">ESTADO</ref> *</type>
          <declname>e</declname>
        </param>
        <param>
          <type>int</type>
          <declname>njogada</declname>
        </param>
        <briefdescription>
<para>Retorna o tabulerio para uma jogada anterior. </para>        </briefdescription>
        <detaileddescription>
<para><parameterlist kind="param"><parameteritem>
<parameternamelist>
<parametername>e</parametername>
</parameternamelist>
<parameterdescription>
<para>Apontador para o estado </para></parameterdescription>
</parameteritem>
<parameteritem>
<parameternamelist>
<parametername>njogada</parametername>
</parameternamelist>
<parameterdescription>
<para>o numero da jogada para a qual se pretende retornar </para></parameterdescription>
</parameteritem>
</parameterlist>
<simplesect kind="return"><para>Retorna o estado do tabulerio nessa jogada </para></simplesect>
</para>        </detaileddescription>
        <inbodydescription>
        </inbodydescription>
        <location file="interface.h" line="62" column="1" bodyfile="interface.c" bodystart="213" bodyend="224"/>
      </memberdef>
      <memberdef kind="function" id="interface_8h_1a9dfbc982d23a619e36575d8e7ec8e41c" prot="public" static="no" const="no" explicit="no" inline="no" virt="non-virtual">
        <type>void</type>
        <definition>void jog</definition>
        <argsstring>(ESTADO *e)</argsstring>
        <name>jog</name>
        <param>
          <type><ref refid="structESTADO" kindref="compound">ESTADO</ref> *</type>
          <declname>e</declname>
        </param>
        <briefdescription>
<para>Joga pelo jogador-Aleatorio. </para>        </briefdescription>
        <detaileddescription>
<para><parameterlist kind="param"><parameteritem>
<parameternamelist>
<parametername>e</parametername>
</parameternamelist>
<parameterdescription>
<para>Apontador para o estado </para></parameterdescription>
</parameteritem>
</parameterlist>
</para>        </detaileddescription>
        <inbodydescription>
        </inbodydescription>
        <location file="interface.h" line="67" column="1" bodyfile="interface.c" bodystart="225" bodyend="252"/>
      </memberdef>
      <memberdef kind="function" id="interface_8h_1a75a3c6feb2f2ec713f96559558b136d0" prot="public" static="no" const="no" explicit="no" inline="no" virt="non-virtual">
        <type>void</type>
        <definition>void jog2</definition>
        <argsstring>(ESTADO *e)</argsstring>
        <name>jog2</name>
        <param>
          <type><ref refid="structESTADO" kindref="compound">ESTADO</ref> *</type>
          <declname>e</declname>
        </param>
        <briefdescription>
<para>Joga pelo jogador-Distancia. </para>        </briefdescription>
        <detaileddescription>
<para><parameterlist kind="param"><parameteritem>
<parameternamelist>
<parametername>e</parametername>
</parameternamelist>
<parameterdescription>
<para>Apontador para o estado </para></parameterdescription>
</parameteritem>
</parameterlist>
</para>        </detaileddescription>
        <inbodydescription>
        </inbodydescription>
        <location file="interface.h" line="72" column="1" bodyfile="interface.c" bodystart="253" bodyend="283"/>
      </memberdef>
      </sectiondef>
    <briefdescription>
    </briefdescription>
    <detaileddescription>
<para>Definição das funções que mostram ao utilizador o essencial para este poder jogar </para>    </detaileddescription>
    <programlisting>
<codeline lineno="1"></codeline>
<codeline lineno="5"><highlight class="preprocessor">#include<sp/>&quot;<ref refid="dados_8h" kindref="compound">dados.h</ref>&quot;</highlight><highlight class="normal"></highlight></codeline>
<codeline lineno="6"><highlight class="normal"></highlight><highlight class="preprocessor">#ifndef<sp/>PROJETOLA_INTERFACE_H</highlight><highlight class="normal"></highlight></codeline>
<codeline lineno="7"><highlight class="normal"></highlight><highlight class="preprocessor">#define<sp/>PROJETOLA_INTERFACE_H</highlight><highlight class="normal"></highlight></codeline>
<codeline lineno="8"><highlight class="normal"></highlight></codeline>
<codeline lineno="13"><highlight class="keywordtype">void</highlight><highlight class="normal"><sp/><ref refid="interface_8h_1a49c8e6516320a095ffd3cf91405cecee" kindref="member">mostrar_tabuleiro</ref>(<ref refid="structESTADO" kindref="compound">ESTADO</ref><sp/>*e,FILE<sp/>*destino);</highlight></codeline>
<codeline lineno="18"><highlight class="keywordtype">int</highlight><highlight class="normal"><sp/><sp/><ref refid="interface_8h_1a24da95ebeede4a540e37790ce8be359b" kindref="member">interpretador</ref><sp/><sp/><sp/><sp/>(<ref refid="structESTADO" kindref="compound">ESTADO</ref><sp/>*e);</highlight></codeline>
<codeline lineno="23"><highlight class="keywordtype">void</highlight><highlight class="normal"><sp/><ref refid="interface_8h_1a9eb2813a6ac1e79a76f920f9a4f32bb6" kindref="member">mostra_prompt</ref>(<ref refid="structESTADO" kindref="compound">ESTADO</ref><sp/>*e);</highlight></codeline>
<codeline lineno="29"><highlight class="keywordtype">void</highlight><highlight class="normal"><sp/><ref refid="interface_8h_1a47013431965901d535f3c4391b61cdd5" kindref="member">guardar</ref>(</highlight><highlight class="keywordtype">char</highlight><highlight class="normal"><sp/>*file,<ref refid="structESTADO" kindref="compound">ESTADO</ref><sp/>*e);</highlight></codeline>
<codeline lineno="36"><highlight class="keywordtype">void</highlight><highlight class="normal"><sp/><ref refid="interface_8h_1a0096ae2fafe42cc41650df4856ba7fa1" kindref="member">convertelinha</ref>(</highlight><highlight class="keywordtype">char</highlight><highlight class="normal"><sp/>*linhas,</highlight><highlight class="keywordtype">int</highlight><highlight class="normal"><sp/>coord_y,<ref refid="structESTADO" kindref="compound">ESTADO</ref><sp/>*e);</highlight></codeline>
<codeline lineno="41"><highlight class="normal"><ref refid="structESTADO" kindref="compound">ESTADO</ref><sp/>*<ref refid="interface_8h_1a9666d1e07aff3ca224916eb121dc11e9" kindref="member">ler</ref>(</highlight><highlight class="keywordtype">char</highlight><highlight class="normal"><sp/>*file);</highlight></codeline>
<codeline lineno="47"><highlight class="keywordtype">void</highlight><highlight class="normal"><sp/><ref refid="interface_8h_1ae41ae486081ebf357b40a1a554daae71" kindref="member">movs</ref>(<ref refid="structESTADO" kindref="compound">ESTADO</ref><sp/>*e,FILE<sp/>*<sp/>destino);</highlight></codeline>
<codeline lineno="55"><highlight class="keywordtype">void</highlight><highlight class="normal"><sp/><ref refid="interface_8h_1a7fb08231327a3410b30705f367e50c67" kindref="member">inseremovs</ref>(<ref refid="structESTADO" kindref="compound">ESTADO</ref><sp/>*e,<ref refid="structCOORDENADA" kindref="compound">COORDENADA</ref><sp/>c,</highlight><highlight class="keywordtype">int</highlight><highlight class="normal"><sp/>posicao,</highlight><highlight class="keywordtype">int</highlight><highlight class="normal"><sp/>jogador);</highlight></codeline>
<codeline lineno="62"><highlight class="normal"><ref refid="structESTADO" kindref="compound">ESTADO</ref><sp/><ref refid="interface_8h_1a5502a84da6d5bffda87a2ab6ee43c163" kindref="member">pos</ref><sp/>(<ref refid="structESTADO" kindref="compound">ESTADO</ref><sp/>*e,<sp/></highlight><highlight class="keywordtype">int</highlight><highlight class="normal"><sp/>njogada);</highlight></codeline>
<codeline lineno="67"><highlight class="keywordtype">void</highlight><highlight class="normal"><sp/><ref refid="interface_8h_1a9dfbc982d23a619e36575d8e7ec8e41c" kindref="member">jog</ref><sp/>(<ref refid="structESTADO" kindref="compound">ESTADO</ref><sp/>*e);</highlight></codeline>
<codeline lineno="72"><highlight class="keywordtype">void</highlight><highlight class="normal"><sp/><ref refid="interface_8h_1a75a3c6feb2f2ec713f96559558b136d0" kindref="member">jog2</ref><sp/>(<ref refid="structESTADO" kindref="compound">ESTADO</ref><sp/>*e);</highlight></codeline>
<codeline lineno="73"><highlight class="normal"></highlight><highlight class="preprocessor">#endif<sp/>//PROJETOLA_INTERFACE_H</highlight></codeline>
    </programlisting>
    <location file="interface.h"/>
  </compounddef>
</doxygen>
