<?xml version='1.0' encoding='UTF-8' standalone='no'?>
<doxygen xmlns:xsi="http://www.w3.org/2001/XMLSchema-instance" xsi:noNamespaceSchemaLocation="compound.xsd" version="1.8.13">
  <compounddef id="lista_8c" kind="file" language="C++">
    <compoundname>lista.c</compoundname>
    <includes local="no">string.h</includes>
    <includes local="no">stdio.h</includes>
    <includes local="no">stdlib.h</includes>
    <includes refid="lista_8h" local="yes">lista.h</includes>
    <incdepgraph>
      <node id="37">
        <label>bits/types/FILE.h</label>
      </node>
      <node id="34">
        <label>stdlib.h</label>
      </node>
      <node id="32">
        <label>string.h</label>
      </node>
      <node id="36">
        <label>dados.h</label>
        <link refid="dados_8h"/>
        <childnode refid="37" relation="include">
        </childnode>
      </node>
      <node id="31">
        <label>lista.c</label>
        <link refid="lista_8c"/>
        <childnode refid="32" relation="include">
        </childnode>
        <childnode refid="33" relation="include">
        </childnode>
        <childnode refid="34" relation="include">
        </childnode>
        <childnode refid="35" relation="include">
        </childnode>
      </node>
      <node id="35">
        <label>lista.h</label>
        <link refid="lista_8h_source"/>
        <childnode refid="36" relation="include">
        </childnode>
      </node>
      <node id="33">
        <label>stdio.h</label>
      </node>
    </incdepgraph>
      <sectiondef kind="func">
      <memberdef kind="function" id="lista_8c_1ae3b99323b6f8f35d80bb69ff1a27985e" prot="public" static="no" const="no" explicit="no" inline="no" virt="non-virtual">
        <type><ref refid="structlista" kindref="compound">LISTA</ref></type>
        <definition>LISTA criar_lista</definition>
        <argsstring>()</argsstring>
        <name>criar_lista</name>
        <briefdescription>
<para>Função que cria um lista ligada. </para>        </briefdescription>
        <detaileddescription>
<para><simplesect kind="return"><para>Apontador para a lista ligada </para></simplesect>
</para>        </detaileddescription>
        <inbodydescription>
        </inbodydescription>
        <location file="lista.c" line="6" column="1" bodyfile="lista.c" bodystart="6" bodyend="11"/>
      </memberdef>
      <memberdef kind="function" id="lista_8c_1a37ba5fc3cfddb6bc94d4b54b00bc696e" prot="public" static="no" const="no" explicit="no" inline="no" virt="non-virtual">
        <type><ref refid="structlista" kindref="compound">LISTA</ref></type>
        <definition>LISTA insere_cabeca</definition>
        <argsstring>(LISTA L, void *valor)</argsstring>
        <name>insere_cabeca</name>
        <param>
          <type><ref refid="structlista" kindref="compound">LISTA</ref></type>
          <declname>L</declname>
        </param>
        <param>
          <type>void *</type>
          <declname>valor</declname>
        </param>
        <briefdescription>
<para>Função que insere um valor à cabeça. </para>        </briefdescription>
        <detaileddescription>
<para><parameterlist kind="param"><parameteritem>
<parameternamelist>
<parametername>L</parametername>
</parameternamelist>
<parameterdescription>
<para>Lista ligada </para></parameterdescription>
</parameteritem>
<parameteritem>
<parameternamelist>
<parametername>valor</parametername>
</parameternamelist>
<parameterdescription>
<para>Valor que vai ser adicionado </para></parameterdescription>
</parameteritem>
</parameterlist>
<simplesect kind="return"><para>Apontador para a lista ligada </para></simplesect>
</para>        </detaileddescription>
        <inbodydescription>
        </inbodydescription>
        <location file="lista.c" line="12" column="1" bodyfile="lista.c" bodystart="12" bodyend="24"/>
      </memberdef>
      <memberdef kind="function" id="lista_8c_1abfcb205f3eb670157be0d1221021714b" prot="public" static="no" const="no" explicit="no" inline="no" virt="non-virtual">
        <type>void *</type>
        <definition>void* devolve_cabeca</definition>
        <argsstring>(LISTA L)</argsstring>
        <name>devolve_cabeca</name>
        <param>
          <type><ref refid="structlista" kindref="compound">LISTA</ref></type>
          <declname>L</declname>
        </param>
        <briefdescription>
<para>Função que devolve a cabeça da lista. </para>        </briefdescription>
        <detaileddescription>
<para><parameterlist kind="param"><parameteritem>
<parameternamelist>
<parametername>L</parametername>
</parameternamelist>
<parameterdescription>
<para>Lista ligada </para></parameterdescription>
</parameteritem>
</parameterlist>
<simplesect kind="return"><para>Conteúdo guardado na cabeça </para></simplesect>
</para>        </detaileddescription>
        <inbodydescription>
        </inbodydescription>
        <location file="lista.c" line="25" column="1" bodyfile="lista.c" bodystart="25" bodyend="27"/>
      </memberdef>
      <memberdef kind="function" id="lista_8c_1ad9380152361127432c55c1c6067e05ae" prot="public" static="no" const="no" explicit="no" inline="no" virt="non-virtual">
        <type><ref refid="structlista" kindref="compound">LISTA</ref></type>
        <definition>LISTA proximo</definition>
        <argsstring>(LISTA L)</argsstring>
        <name>proximo</name>
        <param>
          <type><ref refid="structlista" kindref="compound">LISTA</ref></type>
          <declname>L</declname>
        </param>
        <briefdescription>
<para>Função que devolve o próximo valor da lista. </para>        </briefdescription>
        <detaileddescription>
<para><parameterlist kind="param"><parameteritem>
<parameternamelist>
<parametername>L</parametername>
</parameternamelist>
<parameterdescription>
<para>Lista ligada </para></parameterdescription>
</parameteritem>
</parameterlist>
<simplesect kind="return"><para>Lista que começa no elemento seguinte da lista dada </para></simplesect>
</para>        </detaileddescription>
        <inbodydescription>
        </inbodydescription>
        <location file="lista.c" line="28" column="1" bodyfile="lista.c" bodystart="28" bodyend="30"/>
      </memberdef>
      <memberdef kind="function" id="lista_8c_1a9026a681a68322b5ec7f07137b864cbd" prot="public" static="no" const="no" explicit="no" inline="no" virt="non-virtual">
        <type><ref refid="structlista" kindref="compound">LISTA</ref></type>
        <definition>LISTA remove_cabeca</definition>
        <argsstring>(LISTA L)</argsstring>
        <name>remove_cabeca</name>
        <param>
          <type><ref refid="structlista" kindref="compound">LISTA</ref></type>
          <declname>L</declname>
        </param>
        <briefdescription>
<para>Função que remove a cabeça da lista. </para>        </briefdescription>
        <detaileddescription>
<para><parameterlist kind="param"><parameteritem>
<parameternamelist>
<parametername>L</parametername>
</parameternamelist>
<parameterdescription>
<para>Lista ligada </para></parameterdescription>
</parameteritem>
</parameterlist>
<simplesect kind="return"><para>Cauda da lista ligada </para></simplesect>
</para>        </detaileddescription>
        <inbodydescription>
        </inbodydescription>
        <location file="lista.c" line="31" column="1" bodyfile="lista.c" bodystart="31" bodyend="35"/>
      </memberdef>
      <memberdef kind="function" id="lista_8c_1a4c10928f7acaa4e3de3760cea0dfd9c0" prot="public" static="no" const="no" explicit="no" inline="no" virt="non-virtual">
        <type>int</type>
        <definition>int lista_esta_vazia</definition>
        <argsstring>(LISTA L)</argsstring>
        <name>lista_esta_vazia</name>
        <param>
          <type><ref refid="structlista" kindref="compound">LISTA</ref></type>
          <declname>L</declname>
        </param>
        <briefdescription>
<para>Função que verifica se a lista está vazia. </para>        </briefdescription>
        <detaileddescription>
<para><parameterlist kind="param"><parameteritem>
<parameternamelist>
<parametername>L</parametername>
</parameternamelist>
<parameterdescription>
<para>Lista ligada </para></parameterdescription>
</parameteritem>
</parameterlist>
<simplesect kind="return"><para>0 - Lista não está vazia | 1 - Lista está vazia </para></simplesect>
</para>        </detaileddescription>
        <inbodydescription>
        </inbodydescription>
        <location file="lista.c" line="36" column="1" bodyfile="lista.c" bodystart="36" bodyend="39"/>
      </memberdef>
      </sectiondef>
    <briefdescription>
    </briefdescription>
    <detaileddescription>
    </detaileddescription>
    <programlisting>
<codeline lineno="1"><highlight class="normal"></highlight></codeline>
<codeline lineno="2"><highlight class="normal"></highlight><highlight class="preprocessor">#include<sp/>&lt;string.h&gt;</highlight><highlight class="normal"></highlight></codeline>
<codeline lineno="3"><highlight class="normal"></highlight><highlight class="preprocessor">#include<sp/>&lt;stdio.h&gt;</highlight><highlight class="normal"></highlight></codeline>
<codeline lineno="4"><highlight class="normal"></highlight><highlight class="preprocessor">#include<sp/>&lt;stdlib.h&gt;</highlight><highlight class="normal"></highlight></codeline>
<codeline lineno="5"><highlight class="normal"></highlight><highlight class="preprocessor">#include<sp/>&quot;lista.h&quot;</highlight><highlight class="normal"></highlight></codeline>
<codeline lineno="6"><highlight class="normal"><ref refid="structlista" kindref="compound">LISTA</ref><sp/>criar_lista(){</highlight></codeline>
<codeline lineno="7"><highlight class="normal"><sp/><sp/><sp/><sp/><ref refid="structlista" kindref="compound">LISTA</ref><sp/>L<sp/>=<sp/>malloc(</highlight><highlight class="keyword">sizeof</highlight><highlight class="normal">(<ref refid="structlista" kindref="compound">LISTA</ref>));</highlight></codeline>
<codeline lineno="8"><highlight class="normal"><sp/><sp/><sp/><sp/>L-&gt;conteudo<sp/>=<sp/>NULL;</highlight></codeline>
<codeline lineno="9"><highlight class="normal"><sp/><sp/><sp/><sp/>L-&gt;prox<sp/>=<sp/>NULL;</highlight></codeline>
<codeline lineno="10"><highlight class="normal"><sp/><sp/><sp/><sp/></highlight><highlight class="keywordflow">return</highlight><highlight class="normal"><sp/>L;</highlight></codeline>
<codeline lineno="11"><highlight class="normal">}</highlight></codeline>
<codeline lineno="12"><highlight class="normal"><ref refid="structlista" kindref="compound">LISTA</ref><sp/>insere_cabeca(<ref refid="structlista" kindref="compound">LISTA</ref><sp/>L,<sp/></highlight><highlight class="keywordtype">void</highlight><highlight class="normal"><sp/>*valor){</highlight></codeline>
<codeline lineno="13"><highlight class="normal"><sp/><sp/><sp/></highlight><highlight class="keywordflow">if</highlight><highlight class="normal">(L-&gt;conteudo<sp/>==<sp/>NULL){</highlight></codeline>
<codeline lineno="14"><highlight class="normal"><sp/><sp/><sp/><sp/><sp/><sp/><sp/>L-&gt;conteudo=valor;</highlight></codeline>
<codeline lineno="15"><highlight class="normal"><sp/><sp/><sp/><sp/><sp/><sp/><sp/></highlight><highlight class="keywordflow">return</highlight><highlight class="normal"><sp/>L;</highlight></codeline>
<codeline lineno="16"><highlight class="normal"><sp/><sp/><sp/>}</highlight></codeline>
<codeline lineno="17"><highlight class="normal"><sp/><sp/><sp/></highlight><highlight class="keywordflow">else</highlight><highlight class="normal">{</highlight></codeline>
<codeline lineno="18"><highlight class="normal"><sp/><sp/><sp/><sp/><sp/><sp/><sp/><ref refid="structlista" kindref="compound">LISTA</ref><sp/>M<sp/>=<sp/>malloc(</highlight><highlight class="keyword">sizeof</highlight><highlight class="normal">(<ref refid="structlista" kindref="compound">LISTA</ref>));</highlight></codeline>
<codeline lineno="19"><highlight class="normal"><sp/><sp/><sp/><sp/><sp/><sp/><sp/>M-&gt;conteudo<sp/>=<sp/>valor;</highlight></codeline>
<codeline lineno="20"><highlight class="normal"><sp/><sp/><sp/><sp/><sp/><sp/><sp/>M-&gt;prox<sp/>=<sp/>L;</highlight></codeline>
<codeline lineno="21"><highlight class="normal"><sp/><sp/><sp/><sp/><sp/><sp/><sp/></highlight><highlight class="keywordflow">return</highlight><highlight class="normal"><sp/>M;</highlight></codeline>
<codeline lineno="22"><highlight class="normal"><sp/><sp/><sp/>}</highlight></codeline>
<codeline lineno="23"><highlight class="normal"></highlight></codeline>
<codeline lineno="24"><highlight class="normal">}</highlight></codeline>
<codeline lineno="25"><highlight class="normal"></highlight><highlight class="keywordtype">void</highlight><highlight class="normal"><sp/>*devolve_cabeca(<ref refid="structlista" kindref="compound">LISTA</ref><sp/>L){</highlight></codeline>
<codeline lineno="26"><highlight class="normal"><sp/><sp/><sp/><sp/></highlight><highlight class="keywordflow">return</highlight><highlight class="normal"><sp/>L-&gt;conteudo;</highlight></codeline>
<codeline lineno="27"><highlight class="normal">}</highlight></codeline>
<codeline lineno="28"><highlight class="normal"><ref refid="structlista" kindref="compound">LISTA</ref><sp/>proximo<sp/>(<ref refid="structlista" kindref="compound">LISTA</ref><sp/>L){</highlight></codeline>
<codeline lineno="29"><highlight class="normal"><sp/><sp/><sp/><sp/></highlight><highlight class="keywordflow">return</highlight><highlight class="normal"><sp/>L-&gt;prox;</highlight></codeline>
<codeline lineno="30"><highlight class="normal">}</highlight></codeline>
<codeline lineno="31"><highlight class="normal"><ref refid="structlista" kindref="compound">LISTA</ref><sp/>remove_cabeca(<ref refid="structlista" kindref="compound">LISTA</ref><sp/>L){</highlight></codeline>
<codeline lineno="32"><highlight class="normal"><sp/><sp/><sp/><sp/><ref refid="structlista" kindref="compound">LISTA</ref><sp/>M<sp/>=<sp/>L-&gt;prox;</highlight></codeline>
<codeline lineno="33"><highlight class="normal"><sp/><sp/><sp/><sp/>free(L);</highlight></codeline>
<codeline lineno="34"><highlight class="normal"><sp/><sp/><sp/><sp/></highlight><highlight class="keywordflow">return</highlight><highlight class="normal"><sp/>M;</highlight></codeline>
<codeline lineno="35"><highlight class="normal">}</highlight></codeline>
<codeline lineno="36"><highlight class="normal"></highlight><highlight class="keywordtype">int</highlight><highlight class="normal"><sp/>lista_esta_vazia(<ref refid="structlista" kindref="compound">LISTA</ref><sp/>L){</highlight></codeline>
<codeline lineno="37"><highlight class="normal"><sp/><sp/><sp/><sp/></highlight><highlight class="keywordflow">if</highlight><highlight class="normal">(L==NULL||(L-&gt;conteudo<sp/>==<sp/>NULL<sp/>&amp;&amp;<sp/>L-&gt;prox<sp/>==<sp/>NULL))<sp/></highlight><highlight class="keywordflow">return</highlight><highlight class="normal"><sp/>1;</highlight></codeline>
<codeline lineno="38"><highlight class="normal"><sp/><sp/><sp/><sp/></highlight><highlight class="keywordflow">else</highlight><highlight class="normal"><sp/><sp/><sp/><sp/><sp/><sp/><sp/><sp/></highlight><highlight class="keywordflow">return</highlight><highlight class="normal"><sp/>0;</highlight></codeline>
<codeline lineno="39"><highlight class="normal">}</highlight></codeline>
    </programlisting>
    <location file="lista.c"/>
  </compounddef>
</doxygen>
