<?xml version='1.0' encoding='UTF-8' standalone='no'?>
<doxygen xmlns:xsi="http://www.w3.org/2001/XMLSchema-instance" xsi:noNamespaceSchemaLocation="compound.xsd" version="1.8.13">
  <compounddef id="logica_8h" kind="file" language="C++">
    <compoundname>logica.h</compoundname>
    <includes refid="lista_8h" local="yes">lista.h</includes>
    <includedby refid="interface_8c" local="yes">interface.c</includedby>
    <includedby refid="logica_8c" local="yes">logica.c</includedby>
    <includedby refid="main_8c" local="yes">main.c</includedby>
    <incdepgraph>
      <node id="57">
        <label>bits/types/FILE.h</label>
      </node>
      <node id="54">
        <label>logica.h</label>
        <link refid="logica_8h"/>
        <childnode refid="55" relation="include">
        </childnode>
      </node>
      <node id="56">
        <label>dados.h</label>
        <link refid="dados_8h"/>
        <childnode refid="57" relation="include">
        </childnode>
      </node>
      <node id="55">
        <label>lista.h</label>
        <link refid="lista_8h_source"/>
        <childnode refid="56" relation="include">
        </childnode>
      </node>
    </incdepgraph>
      <sectiondef kind="func">
      <memberdef kind="function" id="logica_8h_1ac313d7e553b1e2b5f266acb9bfff8141" prot="public" static="no" const="no" explicit="no" inline="no" virt="non-virtual">
        <type>int</type>
        <definition>int jogar</definition>
        <argsstring>(ESTADO *e, COORDENADA c)</argsstring>
        <name>jogar</name>
        <param>
          <type><ref refid="structESTADO" kindref="compound">ESTADO</ref> *</type>
          <declname>e</declname>
        </param>
        <param>
          <type><ref refid="structCOORDENADA" kindref="compound">COORDENADA</ref></type>
          <declname>c</declname>
        </param>
        <briefdescription>
<para>Joga numa determinada posição. </para>        </briefdescription>
        <detaileddescription>
<para><parameterlist kind="param"><parameteritem>
<parameternamelist>
<parametername>e</parametername>
</parameternamelist>
<parameterdescription>
<para>Apontador para o estado </para></parameterdescription>
</parameteritem>
<parameteritem>
<parameternamelist>
<parametername>c</parametername>
</parameternamelist>
<parameterdescription>
<para>Coordenada em que se pretender jogar </para></parameterdescription>
</parameteritem>
</parameterlist>
</para>        </detaileddescription>
        <inbodydescription>
        </inbodydescription>
        <location file="logica.h" line="15" column="1" bodyfile="logica.c" bodystart="8" bodyend="27"/>
      </memberdef>
      <memberdef kind="function" id="logica_8h_1ab1160bacb55fe9977b2a60e615c2e627" prot="public" static="no" const="no" explicit="no" inline="no" virt="non-virtual">
        <type>int</type>
        <definition>int jogada_valida</definition>
        <argsstring>(ESTADO *e, COORDENADA c)</argsstring>
        <name>jogada_valida</name>
        <param>
          <type><ref refid="structESTADO" kindref="compound">ESTADO</ref> *</type>
          <declname>e</declname>
        </param>
        <param>
          <type><ref refid="structCOORDENADA" kindref="compound">COORDENADA</ref></type>
          <declname>c</declname>
        </param>
        <briefdescription>
<para>Verifica se é possivel jogar numa certa coordenada. </para>        </briefdescription>
        <detaileddescription>
<para><parameterlist kind="param"><parameteritem>
<parameternamelist>
<parametername>e</parametername>
</parameternamelist>
<parameterdescription>
<para>Apontador para o estado </para></parameterdescription>
</parameteritem>
<parameteritem>
<parameternamelist>
<parametername>c</parametername>
</parameternamelist>
<parameterdescription>
<para>Coordenada em que se pretender jogar </para></parameterdescription>
</parameteritem>
</parameterlist>
<simplesect kind="return"><para>1 ou 0, dependendo de ser verdadeiro ou nao </para></simplesect>
</para>        </detaileddescription>
        <inbodydescription>
        </inbodydescription>
        <location file="logica.h" line="22" column="1" bodyfile="logica.c" bodystart="28" bodyend="36"/>
      </memberdef>
      <memberdef kind="function" id="logica_8h_1ad3c7054170580d3d9c74e7d5cdd00395" prot="public" static="no" const="no" explicit="no" inline="no" virt="non-virtual">
        <type>int</type>
        <definition>int fim_jogo</definition>
        <argsstring>(ESTADO *e)</argsstring>
        <name>fim_jogo</name>
        <param>
          <type><ref refid="structESTADO" kindref="compound">ESTADO</ref> *</type>
          <declname>e</declname>
        </param>
        <briefdescription>
<para>Deteta se o jogo acabou. </para>        </briefdescription>
        <detaileddescription>
<para><parameterlist kind="param"><parameteritem>
<parameternamelist>
<parametername>e</parametername>
</parameternamelist>
<parameterdescription>
<para>Apontador para o estado </para></parameterdescription>
</parameteritem>
</parameterlist>
<simplesect kind="return"><para>1 ou 0, dependendo de ser verdadeiro ou nao </para></simplesect>
</para>        </detaileddescription>
        <inbodydescription>
        </inbodydescription>
        <location file="logica.h" line="28" column="1" bodyfile="logica.c" bodystart="39" bodyend="43"/>
      </memberdef>
      <memberdef kind="function" id="logica_8h_1a5d6c3f49db97c5c6317fe53d0cb6af53" prot="public" static="no" const="no" explicit="no" inline="no" virt="non-virtual">
        <type>int</type>
        <definition>int possivel_jogar</definition>
        <argsstring>(ESTADO *e)</argsstring>
        <name>possivel_jogar</name>
        <param>
          <type><ref refid="structESTADO" kindref="compound">ESTADO</ref> *</type>
          <declname>e</declname>
        </param>
        <briefdescription>
<para>Deteta se o jogador pode efetuar uma jogada. </para>        </briefdescription>
        <detaileddescription>
<para><parameterlist kind="param"><parameteritem>
<parameternamelist>
<parametername>e</parametername>
</parameternamelist>
<parameterdescription>
<para>Apontador para o estado </para></parameterdescription>
</parameteritem>
</parameterlist>
<simplesect kind="return"><para>1 ou 0, dependendo de ser verdadeiro ou nao </para></simplesect>
</para>        </detaileddescription>
        <inbodydescription>
        </inbodydescription>
        <location file="logica.h" line="34" column="1" bodyfile="logica.c" bodystart="44" bodyend="112"/>
      </memberdef>
      <memberdef kind="function" id="logica_8h_1a3fcfdc9778d725b67d8d6fc2fc5729c1" prot="public" static="no" const="no" explicit="no" inline="no" virt="non-virtual">
        <type><ref refid="structlista" kindref="compound">LISTA</ref></type>
        <definition>LISTA listagem_de_jogadas</definition>
        <argsstring>(ESTADO *e, LISTA jogadas)</argsstring>
        <name>listagem_de_jogadas</name>
        <param>
          <type><ref refid="structESTADO" kindref="compound">ESTADO</ref> *</type>
          <declname>e</declname>
        </param>
        <param>
          <type><ref refid="structlista" kindref="compound">LISTA</ref></type>
          <declname>jogadas</declname>
        </param>
        <briefdescription>
<para>Cria uma lista ligadas com todas as jogadas possiveis e validas. </para>        </briefdescription>
        <detaileddescription>
<para><parameterlist kind="param"><parameteritem>
<parameternamelist>
<parametername>e</parametername>
</parameternamelist>
<parameterdescription>
<para>Apontador para o estado </para></parameterdescription>
</parameteritem>
<parameteritem>
<parameternamelist>
<parametername>jogadas</parametername>
</parameternamelist>
<parameterdescription>
<para>Lista vazia de jogadas </para></parameterdescription>
</parameteritem>
</parameterlist>
<simplesect kind="return"><para>Retorna uma lista ligada com todas a coordenadas possiveis de jogadas validas </para></simplesect>
</para>        </detaileddescription>
        <inbodydescription>
        </inbodydescription>
        <location file="logica.h" line="41" column="1" bodyfile="logica.c" bodystart="113" bodyend="128"/>
      </memberdef>
      <memberdef kind="function" id="logica_8h_1a9d81453517dfb252a97ca498601cdd16" prot="public" static="no" const="no" explicit="no" inline="no" virt="non-virtual">
        <type>double</type>
        <definition>double distancia</definition>
        <argsstring>(COORDENADA c, COORDENADA destino)</argsstring>
        <name>distancia</name>
        <param>
          <type><ref refid="structCOORDENADA" kindref="compound">COORDENADA</ref></type>
          <declname>c</declname>
        </param>
        <param>
          <type><ref refid="structCOORDENADA" kindref="compound">COORDENADA</ref></type>
          <declname>destino</declname>
        </param>
        <briefdescription>
<para>Calcula a distancia de uma coordenada a outra. </para>        </briefdescription>
        <detaileddescription>
<para><parameterlist kind="param"><parameteritem>
<parameternamelist>
<parametername>c</parametername>
</parameternamelist>
<parameterdescription>
<para>Coordenada </para></parameterdescription>
</parameteritem>
<parameteritem>
<parameternamelist>
<parametername>destino</parametername>
</parameternamelist>
<parameterdescription>
<para>Coordenada </para></parameterdescription>
</parameteritem>
</parameterlist>
<simplesect kind="return"><para>Distancia entre as duas </para></simplesect>
</para>        </detaileddescription>
        <inbodydescription>
        </inbodydescription>
        <location file="logica.h" line="48" column="1" bodyfile="logica.c" bodystart="129" bodyend="132"/>
      </memberdef>
      </sectiondef>
    <briefdescription>
    </briefdescription>
    <detaileddescription>
<para>Definição das funções que verificam jogadas e jogam </para>    </detaileddescription>
    <programlisting>
<codeline lineno="1"></codeline>
<codeline lineno="5"><highlight class="preprocessor">#ifndef<sp/>PROJETOLA_LOGICA_H</highlight><highlight class="normal"></highlight></codeline>
<codeline lineno="6"><highlight class="normal"></highlight><highlight class="preprocessor">#define<sp/>PROJETOLA_LOGICA_H</highlight><highlight class="normal"></highlight></codeline>
<codeline lineno="7"><highlight class="normal"></highlight></codeline>
<codeline lineno="8"><highlight class="normal"></highlight><highlight class="preprocessor">#include<sp/>&quot;lista.h&quot;</highlight><highlight class="normal"></highlight></codeline>
<codeline lineno="9"><highlight class="normal"></highlight></codeline>
<codeline lineno="15"><highlight class="keywordtype">int</highlight><highlight class="normal"><sp/><ref refid="logica_8h_1ac313d7e553b1e2b5f266acb9bfff8141" kindref="member">jogar</ref>(<ref refid="structESTADO" kindref="compound">ESTADO</ref><sp/>*e,<sp/><ref refid="structCOORDENADA" kindref="compound">COORDENADA</ref><sp/>c);</highlight></codeline>
<codeline lineno="22"><highlight class="keywordtype">int</highlight><highlight class="normal"><sp/><ref refid="logica_8h_1ab1160bacb55fe9977b2a60e615c2e627" kindref="member">jogada_valida</ref>(<ref refid="structESTADO" kindref="compound">ESTADO</ref><sp/>*e,<sp/><ref refid="structCOORDENADA" kindref="compound">COORDENADA</ref><sp/>c);</highlight></codeline>
<codeline lineno="28"><highlight class="keywordtype">int</highlight><highlight class="normal"><sp/><ref refid="logica_8h_1ad3c7054170580d3d9c74e7d5cdd00395" kindref="member">fim_jogo</ref>(<ref refid="structESTADO" kindref="compound">ESTADO</ref><sp/>*e);</highlight></codeline>
<codeline lineno="34"><highlight class="keywordtype">int</highlight><highlight class="normal"><sp/><ref refid="logica_8h_1a5d6c3f49db97c5c6317fe53d0cb6af53" kindref="member">possivel_jogar</ref>(<ref refid="structESTADO" kindref="compound">ESTADO</ref><sp/>*e);</highlight></codeline>
<codeline lineno="41"><highlight class="normal"><ref refid="structlista" kindref="compound">LISTA</ref><sp/><ref refid="logica_8h_1a3fcfdc9778d725b67d8d6fc2fc5729c1" kindref="member">listagem_de_jogadas</ref>(<ref refid="structESTADO" kindref="compound">ESTADO</ref><sp/>*e,<ref refid="structlista" kindref="compound">LISTA</ref><sp/>jogadas);</highlight></codeline>
<codeline lineno="48"><highlight class="keywordtype">double</highlight><highlight class="normal"><sp/><ref refid="logica_8h_1a9d81453517dfb252a97ca498601cdd16" kindref="member">distancia</ref><sp/>(<ref refid="structCOORDENADA" kindref="compound">COORDENADA</ref><sp/>c,<sp/><ref refid="structCOORDENADA" kindref="compound">COORDENADA</ref><sp/>destino);</highlight></codeline>
<codeline lineno="49"><highlight class="normal"></highlight><highlight class="preprocessor">#endif<sp/>//PROJETOLA_LOGICA_H</highlight></codeline>
    </programlisting>
    <location file="logica.h"/>
  </compounddef>
</doxygen>
