<?xml version='1.0' encoding='UTF-8' standalone='no'?>
<doxygen xmlns:xsi="http://www.w3.org/2001/XMLSchema-instance" xsi:noNamespaceSchemaLocation="compound.xsd" version="1.8.13">
  <compounddef id="main_8c" kind="file" language="C++">
    <compoundname>main.c</compoundname>
    <includes local="no">stdio.h</includes>
    <includes refid="dados_8h" local="yes">dados.h</includes>
    <includes refid="logica_8h" local="yes">logica.h</includes>
    <includes refid="interface_8h" local="yes">interface.h</includes>
    <includes local="no">time.h</includes>
    <includes local="no">stdlib.h</includes>
    <incdepgraph>
      <node id="62">
        <label>bits/types/FILE.h</label>
      </node>
      <node id="63">
        <label>logica.h</label>
        <link refid="logica_8h"/>
        <childnode refid="64" relation="include">
        </childnode>
      </node>
      <node id="59">
        <label>main.c</label>
        <link refid="main_8c"/>
        <childnode refid="60" relation="include">
        </childnode>
        <childnode refid="61" relation="include">
        </childnode>
        <childnode refid="63" relation="include">
        </childnode>
        <childnode refid="65" relation="include">
        </childnode>
        <childnode refid="66" relation="include">
        </childnode>
        <childnode refid="67" relation="include">
        </childnode>
      </node>
      <node id="67">
        <label>stdlib.h</label>
      </node>
      <node id="61">
        <label>dados.h</label>
        <link refid="dados_8h"/>
        <childnode refid="62" relation="include">
        </childnode>
      </node>
      <node id="66">
        <label>time.h</label>
      </node>
      <node id="65">
        <label>interface.h</label>
        <link refid="interface_8h"/>
        <childnode refid="61" relation="include">
        </childnode>
      </node>
      <node id="64">
        <label>lista.h</label>
        <link refid="lista_8h_source"/>
        <childnode refid="61" relation="include">
        </childnode>
      </node>
      <node id="60">
        <label>stdio.h</label>
      </node>
    </incdepgraph>
      <sectiondef kind="func">
      <memberdef kind="function" id="main_8c_1ae66f6b31b5ad750f1fe042a706a4e3d4" prot="public" static="no" const="no" explicit="no" inline="no" virt="non-virtual">
        <type>int</type>
        <definition>int main</definition>
        <argsstring>()</argsstring>
        <name>main</name>
        <briefdescription>
        </briefdescription>
        <detaileddescription>
        </detaileddescription>
        <inbodydescription>
        </inbodydescription>
        <location file="main.c" line="8" column="1" bodyfile="main.c" bodystart="8" bodyend="15"/>
      </memberdef>
      </sectiondef>
    <briefdescription>
    </briefdescription>
    <detaileddescription>
    </detaileddescription>
    <programlisting>
<codeline lineno="1"><highlight class="preprocessor">#include<sp/>&lt;stdio.h&gt;</highlight><highlight class="normal"></highlight></codeline>
<codeline lineno="2"><highlight class="normal"></highlight><highlight class="preprocessor">#include<sp/>&quot;<ref refid="dados_8h" kindref="compound">dados.h</ref>&quot;</highlight><highlight class="normal"></highlight></codeline>
<codeline lineno="3"><highlight class="normal"></highlight><highlight class="preprocessor">#include<sp/>&quot;<ref refid="logica_8h" kindref="compound">logica.h</ref>&quot;</highlight><highlight class="normal"></highlight></codeline>
<codeline lineno="4"><highlight class="normal"></highlight><highlight class="preprocessor">#include<sp/>&quot;<ref refid="interface_8h" kindref="compound">interface.h</ref>&quot;</highlight><highlight class="normal"></highlight></codeline>
<codeline lineno="5"><highlight class="normal"></highlight><highlight class="preprocessor">#include<sp/>&lt;time.h&gt;</highlight><highlight class="normal"></highlight></codeline>
<codeline lineno="6"><highlight class="normal"></highlight><highlight class="preprocessor">#include<sp/>&lt;stdlib.h&gt;</highlight><highlight class="normal"></highlight></codeline>
<codeline lineno="7"><highlight class="normal"></highlight></codeline>
<codeline lineno="8"><highlight class="normal"></highlight><highlight class="keywordtype">int</highlight><highlight class="normal"><sp/>main()<sp/>{</highlight></codeline>
<codeline lineno="9"><highlight class="normal"><sp/><sp/><sp/><sp/>srand(time(NULL));</highlight></codeline>
<codeline lineno="10"><highlight class="normal"><sp/><sp/><sp/><sp/><ref refid="structESTADO" kindref="compound">ESTADO</ref><sp/>*e<sp/>=<sp/><ref refid="dados_8h_1a7e0c7e26fb685d9ab501e19b05e6954f" kindref="member">inicializar_estado</ref>();</highlight></codeline>
<codeline lineno="11"><highlight class="normal"></highlight></codeline>
<codeline lineno="12"><highlight class="normal"><sp/><sp/><sp/><sp/><ref refid="interface_8h_1a49c8e6516320a095ffd3cf91405cecee" kindref="member">mostrar_tabuleiro</ref>(e,stdout);</highlight></codeline>
<codeline lineno="13"><highlight class="normal"><sp/><sp/><sp/><sp/><ref refid="interface_8h_1a24da95ebeede4a540e37790ce8be359b" kindref="member">interpretador</ref>(e);</highlight></codeline>
<codeline lineno="14"><highlight class="normal"><sp/><sp/><sp/><sp/></highlight><highlight class="keywordflow">return</highlight><highlight class="normal"><sp/>0;</highlight></codeline>
<codeline lineno="15"><highlight class="normal">}</highlight></codeline>
    </programlisting>
    <location file="main.c"/>
  </compounddef>
</doxygen>
