<?xml version='1.0' encoding='UTF-8' standalone='no'?>
<doxygen xmlns:xsi="http://www.w3.org/2001/XMLSchema-instance" xsi:noNamespaceSchemaLocation="compound.xsd" version="1.8.13">
  <compounddef id="structlista" kind="struct" language="C++" prot="public">
    <compoundname>lista</compoundname>
    <includes refid="lista_8h" local="no">lista.h</includes>
      <sectiondef kind="public-attrib">
      <memberdef kind="variable" id="structlista_1a0b78bc3afb2152a258037412c59cf888" prot="public" static="no" mutable="no">
        <type>void *</type>
        <definition>void* lista::conteudo</definition>
        <argsstring></argsstring>
        <name>conteudo</name>
        <briefdescription>
        </briefdescription>
        <detaileddescription>
        </detaileddescription>
        <inbodydescription>
        </inbodydescription>
        <location file="lista.h" line="13" column="1" bodyfile="lista.h" bodystart="13" bodyend="-1"/>
      </memberdef>
      <memberdef kind="variable" id="structlista_1a3b0e375147c1163d74544fd206a1f1de" prot="public" static="no" mutable="no">
        <type>struct <ref refid="structlista" kindref="compound">lista</ref> *</type>
        <definition>struct lista* lista::prox</definition>
        <argsstring></argsstring>
        <name>prox</name>
        <briefdescription>
        </briefdescription>
        <detaileddescription>
        </detaileddescription>
        <inbodydescription>
        </inbodydescription>
        <location file="lista.h" line="14" column="1" bodyfile="lista.h" bodystart="14" bodyend="-1"/>
      </memberdef>
      </sectiondef>
    <briefdescription>
<para>Definição da lista ligada genérica. </para>    </briefdescription>
    <detaileddescription>
    </detaileddescription>
    <collaborationgraph>
      <node id="10">
        <label>lista</label>
        <link refid="structlista"/>
        <childnode refid="10" relation="usage">
          <edgelabel>prox</edgelabel>
        </childnode>
      </node>
    </collaborationgraph>
    <location file="lista.h" line="12" column="1" bodyfile="lista.h" bodystart="12" bodyend="15"/>
    <listofallmembers>
      <member refid="structlista_1a0b78bc3afb2152a258037412c59cf888" prot="public" virt="non-virtual"><scope>lista</scope><name>conteudo</name></member>
      <member refid="structlista_1a3b0e375147c1163d74544fd206a1f1de" prot="public" virt="non-virtual"><scope>lista</scope><name>prox</name></member>
    </listofallmembers>
  </compounddef>
</doxygen>
